,dates,vp_mean,rh_mean,temp_mean,precip_total,NDVI,Week_Number,Year,Total Eggs,Sensor Counts,Total Mean Eggs,year,month,iso_week,Nino34_SST,Nino34_SSTA,SST,SSTA,precip_total_mm
0,1991-07-10,13.148113085259284,86.46644955287161,19.184135704300047,0.0085836485505588,,28,1991,,,,1991,7,28,27.9,0.5,27.9,0.5,8.583648550558799
1,1991-07-17,10.855536774665175,84.57401318623849,10.54315243416096,0.0124416421566136,,29,1991,,,,1991,7,29,27.9,0.7,27.9,0.7,12.4416421566136
2,1991-07-24,10.532717184645742,78.1704553898936,11.247587873497764,0.0076470128424099,,30,1991,,,,1991,7,30,27.4,0.2,27.4,0.2,7.6470128424099
3,1991-07-31,13.196306145690178,77.4025864454684,14.65253130075888,0.0102310526992955,,31,1991,,,,1991,7,31,27.6,0.6,27.6,0.6,10.2310526992955
4,1991-08-07,8.135906665314671,70.72111952200775,9.000227501278857,0.0045525941597282,,32,1991,,,,1991,8,32,27.5,0.6,27.5,0.6,4.5525941597282005
5,1991-08-14,9.034238788123744,74.72371139626313,9.892485113857616,0.006765649899251,,33,1991,,,,1991,8,33,27.6,0.7,27.6,0.7,6.765649899251001
6,1991-08-21,14.559543691339556,69.4992783005041,18.5292689732143,0.0006206159482659,,34,1991,,,,1991,8,34,27.6,0.8,27.6,0.8,0.6206159482658999
7,1991-08-28,15.440680134042138,75.56389280700066,18.216358581854365,0.0135699282796797,,35,1991,,,,1991,8,35,27.1,0.4,27.1,0.4,13.569928279679699
8,1991-09-04,16.090684468491606,84.94060134321937,16.686835770380014,0.0237291226768872,,36,1991,,,,1991,9,36,26.9,0.2,26.9,0.2,23.7291226768872
9,1991-09-11,15.975789053056715,79.82470483120667,17.558023707071982,0.0111527764049306,,37,1991,,,,1991,9,37,26.7,0.0,26.7,0.0,11.1527764049306
10,1991-09-18,15.66020118949248,76.91315732820516,17.963721302577426,0.0075564918166151,,38,1991,,,,1991,9,38,27.2,0.6,27.2,0.6,7.556491816615099
11,1991-09-25,13.50732908256606,66.02155549166352,18.391103752292,0.0070083004325981,,39,1991,,,,1991,9,39,27.2,0.5,27.2,0.5,7.0083004325981
12,1991-10-02,15.017738531098106,75.217930910898,17.503570616326385,0.0194893348133098,,40,1991,,,,1991,10,40,27.2,0.5,27.2,0.5,19.4893348133098
13,1991-10-09,13.433124759993868,77.13728816450339,14.819496201495724,0.0241512207627465,,41,1991,,,,1991,10,41,27.6,0.9,27.6,0.9,24.151220762746497
14,1991-10-16,15.13379280078927,62.533013663625646,20.55199738067836,0.003177121263913,,42,1991,,,,1991,10,42,27.3,0.6,27.3,0.6,3.177121263913
15,1991-10-23,13.154487213440834,57.47199700104131,19.925922323732948,0.0024643041391431,,43,1991,,,,1991,10,43,27.2,0.5,27.2,0.5,2.4643041391431
16,1991-10-30,16.31132872966421,66.43346622453686,20.7656361793986,0.0210143920007063,,44,1991,,,,1991,10,44,27.4,0.6,27.4,0.6,21.014392000706298
17,1991-11-06,18.947189433487427,86.99914749277148,18.978872151277585,0.0596416856992065,,45,1991,,,,1991,11,45,27.6,0.8,27.6,0.8,59.6416856992065
18,1991-11-13,17.84108912216726,84.72194624666776,18.457437367341925,0.0671827011367603,,46,1991,,,,1991,11,46,27.7,1.0,27.7,1.0,67.1827011367603
19,1991-11-20,16.224017107774056,80.63930038319242,17.759280387722697,0.0534240436409097,,47,1991,,,,1991,11,47,27.6,0.8,27.6,0.8,53.424043640909694
20,1991-11-27,21.13142212165384,83.10083331111197,21.44984893539328,0.0610960504319564,,48,1991,,,,1991,11,48,27.9,1.2,27.9,1.2,61.0960504319564
21,1991-12-04,21.808974745707733,80.82816178874351,22.498119076579545,0.0269549558895099,,49,1991,,,,1991,12,49,27.9,1.3,27.9,1.3,26.9549558895099
22,1991-12-11,22.10646404362928,81.03761728304751,22.73846207962555,0.0464159347843714,,50,1991,,,,1991,12,50,28.1,1.5,28.1,1.5,46.4159347843714
23,1991-12-18,19.4546854486249,79.95683513695955,20.86272310529438,0.0306000294986006,,51,1991,,,,1991,12,51,28.2,1.6,28.2,1.6,30.6000294986006
24,1991-12-25,23.293435373981342,81.42685886012968,23.580816938439227,0.0522311797202844,,52,1991,,,,1991,12,52,28.2,1.7,28.2,1.7,52.231179720284395
25,1992-01-01,21.70247029708311,85.22558741744841,21.406792564132616,0.1182231926507516,,1,1992,,,,1992,1,1,28.3,1.8,28.3,1.8,118.2231926507516
26,1992-01-08,22.92152290731009,86.54282859232073,22.105767926066903,0.0826703191024452,,2,1992,,,,1992,1,2,28.3,1.8,28.3,1.8,82.67031910244519
27,1992-01-15,23.75012753388082,90.85748223505026,21.866831041193336,0.1128930755509632,,3,1992,,,,1992,1,3,28.2,1.8,28.2,1.8,112.8930755509632
28,1992-01-22,19.707055806431725,85.10765881263782,19.933380536968286,0.0881913733318729,,4,1992,,,,1992,1,4,28.2,1.7,28.2,1.7,88.1913733318729
29,1992-01-29,22.036246654017145,83.33438843286736,22.145522767670343,0.0171725934766381,,5,1992,,,,1992,1,5,28.1,1.6,28.1,1.6,17.1725934766381
30,1992-02-05,20.8505663235708,82.34623929655952,21.431402499659555,0.0328958063526881,,6,1992,,,,1992,2,6,28.0,1.5,28.0,1.5,32.8958063526881
31,1992-02-12,22.935349846416237,86.85746285560653,22.12185315501938,0.0720197314007984,,7,1992,,,,1992,2,7,28.3,1.7,28.3,1.7,72.01973140079839
32,1992-02-19,22.56929441743717,89.9163779485624,21.249038042341,0.0736197624253155,,8,1992,,,,1992,2,8,28.5,1.7,28.5,1.7,73.6197624253155
33,1992-02-26,20.87981212490848,86.50784849847881,20.41573216444783,0.0472781497561948,,9,1992,,,,1992,2,9,28.4,1.6,28.4,1.6,47.2781497561948
34,1992-03-04,21.01011580870433,86.47197313981405,20.72176640828457,0.0259886176919589,,10,1992,,,,1992,3,10,28.2,1.3,28.2,1.3,25.988617691958897
35,1992-03-11,22.671931119237765,84.37282706773698,22.380317877425625,0.0174652133484153,,11,1992,,,,1992,3,11,28.3,1.2,28.3,1.2,17.4652133484153
36,1992-03-18,21.708474984139627,85.05854821502655,21.552660852549025,0.0271151123298294,,12,1992,,,,1992,3,12,28.4,1.1,28.4,1.1,27.1151123298294
37,1992-03-25,20.87777629238117,83.56991522087286,20.84832516624823,0.0514089077622951,,13,1992,,,,1992,3,13,28.5,1.1,28.5,1.1,51.4089077622951
38,1992-04-01,17.471616046916587,84.7617743436468,18.001808304040594,0.0244296782270647,,14,1992,,,,1992,4,14,28.7,1.2,28.7,1.2,24.4296782270647
39,1992-04-08,21.75252830523711,90.02093440620408,20.433531970069566,0.0650192845185659,,15,1992,,,,1992,4,15,28.8,1.2,28.8,1.2,65.0192845185659
40,1992-04-15,15.197519702061356,78.64189916406285,16.967570098565602,0.0080315967479123,,16,1992,,,,1992,4,16,28.9,1.1,28.9,1.1,8.0315967479123
41,1992-04-22,18.24369125093444,86.25533289153357,18.49247264991817,0.0234726892479767,,17,1992,,,,1992,4,17,28.7,0.9,28.7,0.9,23.4726892479767
42,1992-04-29,19.277782118064284,89.2245525579034,18.80669437590103,0.0346600056800688,,18,1992,,,,1992,4,18,28.9,1.0,28.9,1.0,34.6600056800688
43,1992-05-06,14.132302579827575,88.74646073978035,13.809992947221644,0.0149724646060219,,19,1992,,,,1992,5,19,28.9,1.0,28.9,1.0,14.9724646060219
44,1992-05-13,19.67472171842978,90.5399759895764,18.87715990494712,0.0174785849285576,,20,1992,,,,1992,5,20,28.8,0.9,28.8,0.9,17.478584928557602
45,1992-05-20,17.11666731823688,89.68891988333789,16.760118868561847,0.0169554429027586,,21,1992,,,,1992,5,21,28.8,1.0,28.8,1.0,16.9554429027586
46,1992-05-27,14.502560159338271,86.21290570033754,14.852943856375532,0.0080744281179525,,22,1992,,,,1992,5,22,28.7,0.9,28.7,0.9,8.0744281179525
47,1992-06-03,10.642224697171644,84.81903599445539,10.12669737939126,0.0108118046415636,,23,1992,,,,1992,6,23,28.4,0.6,28.4,0.6,10.8118046415636
48,1992-06-10,13.549562078382396,84.8458123605535,13.981969685457216,0.006252165514484,,24,1992,,,,1992,6,24,28.2,0.5,28.2,0.5,6.252165514484
49,1992-06-17,14.478066498289222,88.99507795090135,14.037050786959073,0.0099788419004021,,25,1992,,,,1992,6,25,28.1,0.5,28.1,0.5,9.9788419004021
50,1992-06-24,18.538745609373063,92.16702921499046,17.643782850512082,0.0168359531944497,,26,1992,,,,1992,6,26,27.9,0.4,27.9,0.4,16.8359531944497
51,1992-07-01,13.024653874058831,84.9747717707981,12.828703725905656,0.0076393197014417,,27,1992,,,,1992,7,27,27.6,0.1,27.6,0.1,7.6393197014417
52,1992-07-08,9.236382392016296,78.03838307785011,9.4741858605625,0.0035939346155749,,28,1992,,,,1992,7,28,27.7,0.4,27.7,0.4,3.5939346155749
53,1992-07-15,12.04984333273991,80.8854680964268,12.56760747221864,0.012759333904715,,29,1992,,,,1992,7,29,27.4,0.1,27.4,0.1,12.759333904715
54,1992-07-22,7.203293814076354,75.9622650025777,6.349945984405736,0.0078101095062003,,30,1992,,,,1992,7,30,27.3,0.1,27.3,0.1,7.8101095062003
55,1992-07-29,7.867273547528456,73.5005660165308,7.95354832240514,0.0011998073077279,,31,1992,,,,1992,7,31,26.9,-0.1,26.9,-0.1,1.1998073077279001
56,1992-08-05,9.727847657466093,78.9524260056948,9.817213805840936,0.0071072233707743,,32,1992,,,,1992,8,32,26.7,-0.3,26.7,-0.3,7.1072233707743
57,1992-08-12,8.922836784104822,66.01104047162195,11.616458485402234,0.0015502173602384,,33,1992,,,,1992,8,33,26.8,-0.1,26.8,-0.1,1.5502173602384002
58,1992-08-19,9.9511572339982,61.78853191391693,14.249758942273218,0.0009380616664656,,34,1992,,,,1992,8,34,26.7,-0.1,26.7,-0.1,0.9380616664656
59,1992-08-26,13.781446326338608,75.0108536492445,16.696649260748018,0.0169907298026552,,35,1992,,,,1992,8,35,26.8,0.1,26.8,0.1,16.9907298026552
60,1992-09-02,14.716490176017748,73.47590287920019,17.745637953362518,0.0211706350620747,,36,1992,,,,1992,9,36,26.4,-0.3,26.4,-0.3,21.170635062074698
61,1992-09-09,10.927475916783552,69.55296740298864,13.841220188789634,0.0020358010680457,,37,1992,,,,1992,9,37,26.5,-0.2,26.5,-0.2,2.0358010680457
62,1992-09-16,13.344944378544882,75.82699321709276,15.81798905872165,0.0297519866907189,,38,1992,,,,1992,9,38,26.7,0.0,26.7,0.0,29.7519866907189
63,1992-09-23,12.826220825259629,62.96152342775318,17.95711616723713,0.0024960533051217,,39,1992,,,,1992,9,39,26.6,-0.1,26.6,-0.1,2.4960533051216998
64,1992-09-30,11.124443516639776,62.4012487711232,16.33360048670346,0.0072549157481652,,40,1992,,,,1992,9,40,26.6,-0.1,26.6,-0.1,7.2549157481652
65,1992-10-07,15.648824160190255,72.38686070461631,19.268052335985715,0.020597529410395,,41,1992,,,,1992,10,41,26.4,-0.3,26.4,-0.3,20.597529410394998
66,1992-10-14,13.920010611513916,67.17193493396998,18.23125537690663,0.0044284611936404,,42,1992,,,,1992,10,42,26.2,-0.6,26.2,-0.6,4.428461193640399
67,1992-10-21,16.515076725554117,73.92635583145474,19.48109217533448,0.0175754887714936,,43,1992,,,,1992,10,43,25.9,-0.8,25.9,-0.8,17.5754887714936
68,1992-10-28,18.270941227481096,69.62595430749515,22.38328800850178,0.0069819079571565,,44,1992,,,,1992,10,44,26.1,-0.7,26.1,-0.7,6.9819079571564995
69,1992-11-04,13.002785261415786,56.9019931328352,20.230066774329373,0.001709003846372,,45,1992,,,,1992,11,45,26.3,-0.5,26.3,-0.5,1.709003846372
70,1992-11-11,10.673673421969928,49.53902913204604,19.34099562768222,0.0017966192992844,,46,1992,,,,1992,11,46,26.5,-0.2,26.5,-0.2,1.7966192992844
71,1992-11-18,20.400862186656607,78.9979949179077,21.92480735519308,0.0687527181106101,,47,1992,,,,1992,11,47,26.5,-0.2,26.5,-0.2,68.75271811061009
72,1992-11-25,18.84520710718765,78.47919780704954,20.78294089181088,0.0342774573541778,,48,1992,,,,1992,11,48,26.9,0.2,26.9,0.2,34.277457354177805
73,1992-12-02,18.99041201751381,82.76551903631217,19.911662790726663,0.0636467871636422,,49,1992,,,,1992,12,49,26.7,0.1,26.7,0.1,63.646787163642195
74,1992-12-09,21.053423423274285,84.82075835293543,21.05833277540148,0.037331570216299,,50,1992,,,,1992,12,50,26.9,0.3,26.9,0.3,37.331570216299
75,1992-12-16,21.621075044753084,86.02734661595575,21.265365478619454,0.1163695819130583,,51,1992,,,,1992,12,51,26.9,0.3,26.9,0.3,116.3695819130583
76,1992-12-23,23.469060196360694,87.22296954927116,22.391286170077198,0.0958467717400028,,52,1992,,,,1992,12,52,26.6,0.1,26.6,0.1,95.84677174000281
77,1992-12-30,24.32240968168468,89.58445959931589,22.5258877890451,0.1149615138565423,,53,1992,,,,1992,12,53,26.4,-0.1,26.4,-0.1,114.9615138565423
78,1993-01-06,22.80444820775986,87.65913156447026,21.83561188315048,0.0430253437932464,,1,1993,,,,1993,1,1,26.5,-0.0,26.5,-0.0,43.0253437932464
79,1993-01-13,20.524003994294272,77.37165311929704,22.248343975041166,0.0213226948061928,,2,1993,,,,1993,1,2,26.9,0.4,26.9,0.4,21.3226948061928
80,1993-01-20,21.905846433189197,80.84807068038766,22.548215977675227,0.0219285935158382,,3,1993,,,,1993,1,3,26.7,0.2,26.7,0.2,21.9285935158382
81,1993-01-27,23.557321001079924,85.07734783972886,22.88211003258118,0.0191153163034089,,4,1993,,,,1993,1,4,26.7,0.2,26.7,0.2,19.1153163034089
82,1993-02-03,24.12713637511261,86.41452761053871,23.03745236818486,0.1351283014551784,,5,1993,,,,1993,2,5,26.8,0.2,26.8,0.2,135.1283014551784
83,1993-02-10,18.79826939084332,86.28833550648231,18.683527921819348,0.0737653721762886,,6,1993,,,,1993,2,6,26.9,0.3,26.9,0.3,73.76537217628861
84,1993-02-17,19.317235078579568,80.68519205196702,20.498305516664743,0.034145635153225,,7,1993,,,,1993,2,7,27.1,0.4,27.1,0.4,34.145635153225
85,1993-02-24,19.106931420217453,80.84542993768727,20.34083483949001,0.0230094813992504,,8,1993,,,,1993,2,8,27.2,0.4,27.2,0.4,23.009481399250397
86,1993-03-03,21.21367230685134,82.09647781583745,21.815291185443925,0.0269224124034264,,9,1993,,,,1993,3,9,27.1,0.1,27.1,0.1,26.9224124034264
87,1993-03-10,19.734168053134848,91.093377765399,18.81965933819208,0.0394329102973125,,10,1993,,,,1993,3,10,27.1,0.0,27.1,0.0,39.4329102973125
88,1993-03-17,24.55882717629381,83.96254172056572,23.800729564744582,0.0181093281936292,,11,1993,,,,1993,3,11,27.4,0.2,27.4,0.2,18.1093281936292
89,1993-03-24,22.3671508199404,87.68345720017929,21.50801735962329,0.0442059063483871,,12,1993,,,,1993,3,12,27.8,0.4,27.8,0.4,44.2059063483871
90,1993-03-31,21.09311973097812,83.58794239632438,21.38920966427344,0.0666474570463461,,13,1993,,,,1993,3,13,27.6,0.0,27.6,0.0,66.6474570463461
91,1993-04-07,19.304491113342987,88.54459755162858,18.74571047153603,0.0245326791486912,,14,1993,,,,1993,4,14,27.6,-0.1,27.6,-0.1,24.5326791486912
92,1993-04-14,16.506942631343332,80.45337822859311,17.99405092252357,0.0031608573272917,,15,1993,,,,1993,4,15,28.3,0.5,28.3,0.5,3.1608573272917
93,1993-04-21,19.980398641640885,89.786585507461,19.12780295391474,0.0500295169051935,,16,1993,,,,1993,4,16,28.4,0.6,28.4,0.6,50.029516905193496
94,1993-04-28,16.231967738109457,85.0893022367755,16.647127509603706,0.0131176321974681,,17,1993,,,,1993,4,17,28.5,0.7,28.5,0.7,13.1176321974681
95,1993-05-05,19.58146400085059,88.69425551061275,19.103744125366237,0.0207171779975853,,18,1993,,,,1993,5,18,28.5,0.6,28.5,0.6,20.7171779975853
96,1993-05-12,15.582214390716592,83.03059557842285,15.84813934897079,0.010338545659798,,19,1993,,,,1993,5,19,28.6,0.7,28.6,0.7,10.338545659798001
97,1993-05-19,12.531398660745332,79.23377209037358,13.647900504806389,0.0111144057339142,,20,1993,,,,1993,5,20,28.6,0.7,28.6,0.7,11.1144057339142
98,1993-05-26,16.165850251886646,84.87404072669949,16.51860999542032,0.0105863824755618,,21,1993,,,,1993,5,21,28.6,0.7,28.6,0.7,10.5863824755618
99,1993-06-02,9.455341599855284,78.99218528025818,9.641386545920852,0.0024842218132756,,22,1993,,,,1993,6,22,28.1,0.3,28.1,0.3,2.4842218132756
100,1993-06-09,13.412857090461436,79.67778486953944,14.610861571954274,0.0062673909183281,,23,1993,,,,1993,6,23,27.9,0.1,27.9,0.1,6.2673909183281
101,1993-06-16,11.561393982901985,84.36219963674209,11.502792054779718,0.008489437826217,,24,1993,,,,1993,6,24,27.7,0.1,27.7,0.1,8.489437826217
102,1993-06-23,10.606051943179208,73.30290785377635,12.615680909967809,0.0045072183892348,,25,1993,,,,1993,6,25,27.8,0.3,27.8,0.3,4.5072183892348
103,1993-06-30,13.508604514404723,81.19566448982967,14.747718753944469,0.002064325218149,,26,1993,,,,1993,6,26,27.7,0.2,27.7,0.2,2.064325218149
104,1993-07-07,13.849040290665863,90.38422731446818,13.037022851437996,0.0229097196265602,,27,1993,,,,1993,7,27,27.6,0.2,27.6,0.2,22.9097196265602
105,1993-07-14,8.313561699421927,71.75518829096944,9.191561168229498,0.0017320202697795,,28,1993,,,,1993,7,28,27.6,0.3,27.6,0.3,1.7320202697795002
106,1993-07-21,9.331712376086674,66.19582032505178,11.56008418855214,6.210256924329575e-06,,29,1993,,,,1993,7,29,27.3,0.1,27.3,0.1,0.0062102569243295755
107,1993-07-28,13.952480294477189,81.91420336987596,14.952312931398184,0.0099695119834239,,30,1993,,,,1993,7,30,27.2,0.2,27.2,0.2,9.9695119834239
108,1993-08-04,6.739881185331308,62.90731487605805,7.62631392446508,0.0048841210345942,,31,1993,,,,1993,8,31,26.9,-0.0,26.9,-0.0,4.8841210345942
109,1993-08-11,10.861905454826902,65.53275855764173,14.304908565599078,0.0016375705598683,,32,1993,,,,1993,8,32,26.8,-0.1,26.8,-0.1,1.6375705598683001
110,1993-08-18,9.857838322717493,64.03202513204437,13.46436192519002,0.0037835564373105,,33,1993,,,,1993,8,33,26.7,-0.1,26.7,-0.1,3.7835564373104997
111,1993-08-25,9.429458276680226,57.27672639780715,14.865269610346616,0.00021205139998,,34,1993,,,,1993,8,34,26.8,0.0,26.8,0.0,0.21205139998
112,1993-09-01,13.729902148232965,61.48494733885882,19.299303983831063,0.0029389899952515,,35,1993,,,,1993,9,35,26.8,0.1,26.8,0.1,2.9389899952515
113,1993-09-08,7.56874195009356,44.705405244713546,15.758816966880772,0.0001447486237258,,36,1993,,,,1993,9,36,27.0,0.4,27.0,0.4,0.1447486237258
114,1993-09-15,8.215886028260657,51.14280765509272,15.26638951723271,0.0005118114110749,,37,1993,,,,1993,9,37,26.9,0.3,26.9,0.3,0.5118114110748999
115,1993-09-22,14.236725492170171,62.25984862819242,20.28157572324585,0.0103802456701974,,38,1993,,,,1993,9,38,26.8,0.2,26.8,0.2,10.3802456701974
116,1993-09-29,10.085127349816425,68.1793022619281,13.391534683331429,0.0067238979703801,,39,1993,,,,1993,9,39,26.8,0.2,26.8,0.2,6.7238979703801
117,1993-10-06,12.181353160475105,68.00943071583372,16.22860137264746,0.0108320126102999,,40,1993,,,,1993,10,40,26.8,0.1,26.8,0.1,10.8320126102999
118,1993-10-13,12.166725263025358,50.20716535047195,21.19834725516182,0.0033064392577963,,41,1993,,,,1993,10,41,27.0,0.2,27.0,0.2,3.3064392577963
119,1993-10-20,17.8494228473243,66.98992729661559,22.629431712870712,0.0103856419660814,,42,1993,,,,1993,10,42,26.7,0.0,26.7,0.0,10.3856419660814
120,1993-10-27,17.1505278395731,86.12077746226582,17.439156442759042,0.0445402120186275,,43,1993,,,,1993,10,43,27.1,0.3,27.1,0.3,44.5402120186275
121,1993-11-03,17.26569258968147,67.8555835018396,21.798907942998994,0.0072239876073386,,44,1993,,,,1993,11,44,27.2,0.4,27.2,0.4,7.2239876073386
122,1993-11-10,14.524464612058772,54.90704992589552,22.57630184199536,0.0012975670854546,,45,1993,,,,1993,11,45,26.9,0.2,26.9,0.2,1.2975670854546
123,1993-11-17,20.300741264459564,77.77465295506865,22.159309407967328,0.0582889878321094,,46,1993,,,,1993,11,46,26.7,-0.1,26.7,-0.1,58.288987832109406
124,1993-11-24,17.35533205233151,69.56933708698207,21.037505099238217,0.0140884693376668,,47,1993,,,,1993,11,47,26.6,-0.1,26.6,-0.1,14.0884693376668
125,1993-12-01,19.423128307368007,73.88322635440034,22.045000291681617,0.0411248099313589,,48,1993,,,,1993,12,48,26.9,0.2,26.9,0.2,41.1248099313589
126,1993-12-08,18.00569684513451,69.47459427455136,21.851062652691724,0.0100840998543552,,49,1993,,,,1993,12,49,27.0,0.3,27.0,0.3,10.0840998543552
127,1993-12-15,23.90722468670205,83.4337898363938,23.5187696677487,0.1053236783852185,,50,1993,,,,1993,12,50,26.6,0.0,26.6,0.0,105.3236783852185
128,1993-12-22,19.35463509848819,76.82750818324216,21.393782902412735,0.0618053020880746,,51,1993,,,,1993,12,51,26.6,0.1,26.6,0.1,61.805302088074605
129,1993-12-29,22.163255113439128,81.35478126892257,22.67496857156561,0.0333585198435036,,52,1993,,,,1993,12,52,26.2,-0.3,26.2,-0.3,33.3585198435036
130,1994-01-05,20.39230897463964,83.88406868032422,20.76584504056143,0.043248057494184,,1,1994,,,,1994,1,1,26.6,0.1,26.6,0.1,43.248057494183996
131,1994-01-12,20.459625531559944,77.31153931772795,22.30459050548319,0.0426703867572426,,2,1994,,,,1994,1,2,26.6,0.2,26.6,0.2,42.670386757242596
132,1994-01-19,21.638032373860725,75.0740408867755,23.75976149370888,0.0201547522189814,,3,1994,,,,1994,1,3,26.4,-0.0,26.4,-0.0,20.1547522189814
133,1994-01-26,23.398134709719177,85.84323221055126,22.65678379292393,0.0829599121485914,,4,1994,,,,1994,1,4,26.4,-0.1,26.4,-0.1,82.9599121485914
134,1994-02-02,20.51341385824491,78.25507799165328,21.95525681372402,0.0502863254768044,,5,1994,,,,1994,2,5,26.6,0.1,26.6,0.1,50.2863254768044
135,1994-02-09,20.627017362313616,84.69182604946975,20.34265286711616,0.0570794582400903,,6,1994,,,,1994,2,6,26.8,0.2,26.8,0.2,57.079458240090304
136,1994-02-16,21.045475701373142,88.88634360316125,20.22978318921565,0.0937443766750578,,7,1994,,,,1994,2,7,26.6,-0.1,26.6,-0.1,93.74437667505781
137,1994-02-23,19.124873269755334,81.53403042831944,20.04009682272573,0.0225909623403026,,8,1994,,,,1994,2,8,26.4,-0.4,26.4,-0.4,22.5909623403026
138,1994-03-02,20.246991019196205,83.8188415501664,20.73579635879622,0.0390424745619561,,9,1994,,,,1994,3,9,26.7,-0.2,26.7,-0.2,39.0424745619561
139,1994-03-09,18.90490537029742,75.84481832244,21.326877991034053,0.0075557718392441,,10,1994,,,,1994,3,10,27.4,0.3,27.4,0.3,7.5557718392441
140,1994-03-16,19.934681377196828,74.38973905748453,22.46701635762957,0.0368965138731449,,11,1994,,,,1994,3,11,27.5,0.3,27.5,0.3,36.896513873144904
141,1994-03-23,17.87902268711472,79.16637913409055,19.49848960824568,0.0215292393414025,,12,1994,,,,1994,3,12,27.2,-0.1,27.2,-0.1,21.529239341402498
142,1994-03-30,18.097177696871945,82.1399272082899,18.848238284571664,0.0216864106964343,,13,1994,,,,1994,3,13,27.5,0.0,27.5,0.0,21.686410696434297
143,1994-04-06,19.9321794902982,88.27047210018645,19.3321067213202,0.0360602014257825,,14,1994,,,,1994,4,14,27.8,0.2,27.8,0.2,36.0602014257825
144,1994-04-13,14.4205555107328,86.10555364858371,14.71885776649532,0.0169411560586841,,15,1994,,,,1994,4,15,28.0,0.3,28.0,0.3,16.9411560586841
145,1994-04-20,17.007498891408115,87.79668689348235,17.011734535580615,0.0335647617484501,,16,1994,,,,1994,4,16,27.7,-0.1,27.7,-0.1,33.564761748450096
146,1994-04-27,17.195005958829388,87.25674480230118,17.15559147945072,0.0094548466290821,,17,1994,,,,1994,4,17,27.9,0.1,27.9,0.1,9.4548466290821
147,1994-05-04,19.70585317577551,87.23488477568678,19.36811331145617,0.0196411947683908,,18,1994,,,,1994,5,18,27.7,-0.2,27.7,-0.2,19.6411947683908
148,1994-05-11,19.90677821105246,85.10202131697896,19.803793610034347,0.0253861750872244,,19,1994,,,,1994,5,19,27.9,-0.0,27.9,-0.0,25.3861750872244
149,1994-05-18,13.284086121663323,82.92648271742712,14.149387341453917,0.0023404313900675,,20,1994,,,,1994,5,20,28.1,0.2,28.1,0.2,2.3404313900675002
150,1994-05-25,18.96915141281461,85.82758893082874,19.15535690151921,0.0081528667475367,,21,1994,,,,1994,5,21,28.1,0.2,28.1,0.2,8.152866747536699
151,1994-06-01,15.81248029454668,88.94520740650943,15.488754812227626,0.0291448481880023,,22,1994,,,,1994,6,22,28.2,0.4,28.2,0.4,29.1448481880023
152,1994-06-08,14.823197091354649,86.73988198233573,15.1625805108726,0.0095917031525039,,23,1994,,,,1994,6,23,27.8,0.1,27.8,0.1,9.5917031525039
153,1994-06-15,14.756668671135412,82.30322102689836,15.861912910305762,0.0038923490231793,,24,1994,,,,1994,6,24,27.9,0.3,27.9,0.3,3.8923490231792996
154,1994-06-22,17.920732985413565,86.61588158452923,18.044155777392746,0.0174430054521767,,25,1994,,,,1994,6,25,27.8,0.2,27.8,0.2,17.4430054521767
155,1994-06-29,7.882067311645211,61.26650444069599,10.517025131433172,0.0006004511126254,,26,1994,,,,1994,6,26,27.4,-0.1,27.4,-0.1,0.6004511126254
156,1994-07-06,8.227773907185897,63.33038261266114,11.118842152186858,0.0001111484821275,,27,1994,,,,1994,7,27,27.2,-0.2,27.2,-0.2,0.1111484821275
157,1994-07-13,6.451756967379311,64.95408450279464,7.173380295111201,0.0010775836847416,,28,1994,,,,1994,7,28,27.1,-0.2,27.1,-0.2,1.0775836847416
158,1994-07-20,12.299187359626837,63.30791590066069,17.147924028772934,8.816660951030794e-06,,29,1994,,,,1994,7,29,27.2,0.0,27.2,0.0,0.008816660951030795
159,1994-07-27,9.877894121953595,56.95174267905289,14.96424568072473,0.0027679093606869,,30,1994,,,,1994,7,30,27.3,0.2,27.3,0.2,2.7679093606869
160,1994-08-03,12.1324335355949,79.26534557152826,13.563800002117546,0.0152760197606538,,31,1994,,,,1994,8,31,27.3,0.4,27.3,0.4,15.276019760653801
161,1994-08-10,10.243012809228054,65.34523234125977,13.696232057428745,0.0074776377018435,,32,1994,,,,1994,8,32,27.5,0.6,27.5,0.6,7.477637701843499
162,1994-08-17,8.826697106355144,57.793374099270665,13.941512161047283,0.0011055908031753,,33,1994,,,,1994,8,33,27.2,0.4,27.2,0.4,1.1055908031753
163,1994-08-24,13.475799085442873,71.02546149223316,16.867404024292853,0.0052427887505943,,34,1994,,,,1994,8,34,27.1,0.4,27.1,0.4,5.2427887505943005
164,1994-08-31,14.762843263270469,64.75799194837022,20.026383362335423,0.0025247841913095,,35,1994,,,,1994,8,35,27.2,0.5,27.2,0.5,2.5247841913094997
165,1994-09-07,10.034105350931425,60.77356601656966,15.023869256259673,0.0115650585316353,,36,1994,,,,1994,9,36,27.0,0.4,27.0,0.4,11.5650585316353
166,1994-09-14,10.988710579440188,55.73104532595705,17.898911386606642,0.0026104927100314,,37,1994,,,,1994,9,37,26.8,0.1,26.8,0.1,2.6104927100313997
167,1994-09-21,15.579045687527548,63.283945649394745,21.62718427229902,0.0058570213889603,,38,1994,,,,1994,9,38,26.8,0.2,26.8,0.2,5.8570213889603
168,1994-09-28,15.830223714271048,53.96916469226938,24.57549494269756,0.0040564472331214,,39,1994,,,,1994,9,39,27.1,0.5,27.1,0.5,4.0564472331214
169,1994-10-05,16.028543801628697,73.83892311806558,19.19660829816553,0.0208733184687212,,40,1994,,,,1994,10,40,27.2,0.5,27.2,0.5,20.873318468721198
170,1994-10-12,19.786024294886683,74.1641834386492,22.67478018520643,0.0177636786465131,,41,1994,,,,1994,10,41,27.3,0.6,27.3,0.6,17.763678646513103
171,1994-10-19,17.424023946755288,69.16546299493058,21.68893878443714,0.019481647831828,,42,1994,,,,1994,10,42,27.4,0.6,27.4,0.6,19.481647831828
172,1994-10-26,17.667289113633093,79.07779568834378,19.62140568064996,0.0386725444054911,,43,1994,,,,1994,10,43,27.4,0.6,27.4,0.6,38.6725444054911
173,1994-11-02,15.378035803827888,82.26069262880378,16.49411229503403,0.0602937664303274,,44,1994,,,,1994,11,44,27.7,0.9,27.7,0.9,60.293766430327395
174,1994-11-09,18.7561902318247,74.99425647090276,21.36832210774321,0.0235557896094665,,45,1994,,,,1994,11,45,27.6,0.8,27.6,0.8,23.555789609466498
175,1994-11-16,22.31217590446899,85.42294095911903,21.95385262885065,0.1104340233071943,,46,1994,,,,1994,11,46,27.6,0.9,27.6,0.9,110.43402330719431
176,1994-11-23,18.39028297546423,83.76538288391392,19.0686182242672,0.033609319416582,,47,1994,,,,1994,11,47,27.8,1.0,27.8,1.0,33.609319416582
177,1994-11-30,18.6534252822166,75.5158532478526,21.1464609366696,0.0268739371360697,,48,1994,,,,1994,11,48,28.0,1.3,28.0,1.3,26.873937136069703
178,1994-12-07,17.812589138193236,67.46368454073132,22.04470405578616,0.0295881976249867,,49,1994,,,,1994,12,49,27.8,1.1,27.8,1.1,29.5881976249867
179,1994-12-14,22.66868068960537,71.16749879330412,25.282924491207662,0.0110481441972995,,50,1994,,,,1994,12,50,27.8,1.2,27.8,1.2,11.0481441972995
180,1994-12-21,23.926346428955416,85.08567550439213,23.162013016266087,0.1023941034098194,,51,1994,,,,1994,12,51,27.8,1.3,27.8,1.3,102.3941034098194
181,1994-12-28,22.92247025902452,80.23259348235237,23.52720553339748,0.0473749085008583,,52,1994,,,,1994,12,52,27.6,1.1,27.6,1.1,47.3749085008583
182,1995-01-04,22.796299205889564,72.34160847011466,25.31895243845827,0.0194178658201898,,1,1995,,,,1995,1,1,27.4,0.9,27.4,0.9,19.4178658201898
183,1995-01-11,23.251600256727645,80.28307681157611,23.62298295416798,0.0647823483324551,,2,1995,,,,1995,1,2,27.3,0.9,27.3,0.9,64.7823483324551
184,1995-01-18,19.98303872970872,86.1616958373335,19.88043732675567,0.0528081370651146,,3,1995,,,,1995,1,3,27.3,0.9,27.3,0.9,52.8081370651146
185,1995-01-25,24.445171382512616,85.33844220474161,23.45719129341802,0.033804499169126,,4,1995,,,,1995,1,4,27.1,0.6,27.1,0.6,33.804499169126
186,1995-02-01,22.82641267100659,89.3920255031401,21.517027895142466,0.0499305644203492,,5,1995,,,,1995,2,5,27.2,0.7,27.2,0.7,49.9305644203492
187,1995-02-08,19.86562830714404,82.96363339109459,20.474347764618585,0.0404144043038269,,6,1995,,,,1995,2,6,27.3,0.7,27.3,0.7,40.4144043038269
188,1995-02-15,19.80468835680949,75.35860677947768,22.11933846506139,0.0150318512247947,,7,1995,,,,1995,2,7,27.2,0.6,27.2,0.6,15.031851224794702
189,1995-02-22,20.44458177008934,83.3957734686884,20.860728174326425,0.0587835832468255,,8,1995,,,,1995,2,8,27.4,0.7,27.4,0.7,58.7835832468255
190,1995-03-01,20.937256022463096,89.04804125174125,20.092131979287103,0.0456997587352593,,9,1995,,,,1995,3,9,27.4,0.5,27.4,0.5,45.699758735259294
191,1995-03-08,24.07619289764878,90.87036619175556,22.09461698207724,0.0772555174612956,,10,1995,,,,1995,3,10,27.3,0.3,27.3,0.3,77.2555174612956
192,1995-03-15,18.56722379126333,80.89429240516158,19.804625577342733,0.0362990714537139,,11,1995,,,,1995,3,11,27.4,0.2,27.4,0.2,36.2990714537139
193,1995-03-22,21.18448431295234,89.08478682576929,20.35079863412045,0.0995506446265009,,12,1995,,,,1995,3,12,27.7,0.3,27.7,0.3,99.5506446265009
194,1995-03-29,21.400750993862477,86.07720847488565,21.098600836513867,0.0461980121472557,,13,1995,,,,1995,3,13,27.7,0.2,27.7,0.2,46.198012147255696
195,1995-04-05,18.13923685023212,83.2950664985598,18.773235302879755,0.0294549679448274,,14,1995,,,,1995,4,14,27.9,0.3,27.9,0.3,29.4549679448274
196,1995-04-12,20.099361330238924,83.91877160523853,19.995573817142827,0.0144005713429561,,15,1995,,,,1995,4,15,27.8,0.1,27.8,0.1,14.4005713429561
197,1995-04-19,14.765055266463724,76.2941875862142,16.88879890960908,0.0019426551979303,,16,1995,,,,1995,4,16,27.9,0.1,27.9,0.1,1.9426551979303
198,1995-04-26,12.605906316168436,68.51240033375294,16.028422746204228,0.0082974921887577,,17,1995,,,,1995,4,17,27.8,-0.1,27.8,-0.1,8.297492188757701
199,1995-05-03,19.8935256417464,82.13637039455419,20.67952503282197,0.0298368953785304,,18,1995,,,,1995,5,18,27.8,-0.1,27.8,-0.1,29.8368953785304
200,1995-05-10,14.746257888184134,80.56923403994548,15.959543378661294,0.010052909281902,,19,1995,,,,1995,5,19,27.7,-0.2,27.7,-0.2,10.052909281902
201,1995-05-17,16.616489363534445,85.95340230802618,16.971373234962925,0.033265551073126,,20,1995,,,,1995,5,20,27.4,-0.4,27.4,-0.4,33.265551073126005
202,1995-05-24,13.60687612791742,83.83342281227903,14.351272590792917,0.0112090845730854,,21,1995,,,,1995,5,21,27.5,-0.4,27.5,-0.4,11.2090845730854
203,1995-05-31,13.198581788485653,83.91209873870562,13.849204415042436,0.0057620794316822,,22,1995,,,,1995,5,22,27.6,-0.2,27.6,-0.2,5.7620794316822
204,1995-06-07,17.213651427677473,85.85499075977546,17.623255419568977,0.0104930031985485,,23,1995,,,,1995,6,23,27.5,-0.3,27.5,-0.3,10.4930031985485
205,1995-06-14,15.82245940336144,84.98703606074741,16.315618976930352,0.0143062504259156,,24,1995,,,,1995,6,24,27.5,-0.2,27.5,-0.2,14.3062504259156
206,1995-06-21,12.118482080899248,85.12781146108094,12.05641069996119,0.0140135681751709,,25,1995,,,,1995,6,25,27.0,-0.6,27.0,-0.6,14.0135681751709
207,1995-06-28,10.08485096743487,67.51432894619472,12.748145494006964,0.0010904698889255,,26,1995,,,,1995,6,26,27.1,-0.4,27.1,-0.4,1.0904698889255
208,1995-07-05,10.93086168247236,74.20761138401308,12.863274588552542,0.0023675486327776,,27,1995,,,,1995,7,27,27.2,-0.2,27.2,-0.2,2.3675486327776
209,1995-07-12,10.470892515974452,64.81693114138069,14.29674006611316,1.9176102950625917e-05,,28,1995,,,,1995,7,28,27.1,-0.2,27.1,-0.2,0.019176102950625915
210,1995-07-19,12.271003750741214,80.8521591872663,12.919225116651944,0.0123201127880356,,29,1995,,,,1995,7,29,27.0,-0.2,27.0,-0.2,12.3201127880356
211,1995-07-26,9.266883153018432,68.10059684361738,11.756928639833632,0.0005312977624676,,30,1995,,,,1995,7,30,26.8,-0.3,26.8,-0.3,0.5312977624676001
212,1995-08-02,12.804147758315215,81.91319959253215,13.839061783771117,0.0127298329541239,,31,1995,,,,1995,8,31,26.6,-0.4,26.6,-0.4,12.7298329541239
213,1995-08-09,8.226031283260964,66.7976737922255,10.09609416520516,0.0034694297512081,,32,1995,,,,1995,8,32,26.3,-0.7,26.3,-0.7,3.4694297512081
214,1995-08-16,11.137372093983492,70.16642569459287,14.123079930519625,0.0060997298764685,,33,1995,,,,1995,8,33,26.2,-0.6,26.2,-0.6,6.0997298764685
215,1995-08-23,7.606949281466889,56.77074700857574,11.55496875736992,4.364829723004148e-05,,34,1995,,,,1995,8,34,26.2,-0.6,26.2,-0.6,0.04364829723004148
216,1995-08-30,16.35710296717806,63.028100346462345,22.337290233170904,0.0001348441481369,,35,1995,,,,1995,8,35,26.0,-0.7,26.0,-0.7,0.13484414813690002
217,1995-09-06,13.609604152281165,52.13953203162056,22.2388330394719,5.340482841985152e-05,,36,1995,,,,1995,9,36,26.0,-0.7,26.0,-0.7,0.05340482841985152
218,1995-09-13,16.548738712542026,67.97570787441074,21.41897373588722,0.0283063857409777,,37,1995,,,,1995,9,37,26.0,-0.6,26.0,-0.6,28.3063857409777
219,1995-09-20,10.022841578357797,52.71331391735904,17.22327624989208,0.0002342314986678,,38,1995,,,,1995,9,38,26.2,-0.5,26.2,-0.5,0.23423149866780002
220,1995-09-27,10.98309514887013,55.08205666743845,16.930199040523178,0.0038582816715333,,39,1995,,,,1995,9,39,25.9,-0.8,25.9,-0.8,3.8582816715333004
221,1995-10-04,12.165565642988923,69.65475960372653,15.208008014912537,0.009178218097366,,40,1995,,,,1995,10,40,25.6,-1.1,25.6,-1.1,9.178218097366
222,1995-10-11,15.26628867249886,68.8401560601903,19.5659313150004,0.0114722965771808,,41,1995,,,,1995,10,41,25.8,-0.9,25.8,-0.9,11.4722965771808
223,1995-10-18,11.987405342375594,55.15267845533412,19.369320312811453,0.0097924483673408,,42,1995,,,,1995,10,42,25.8,-1.0,25.8,-1.0,9.7924483673408
224,1995-10-25,15.757866175820396,61.81927144644565,22.190989430745446,0.0080367705087139,,43,1995,,,,1995,10,43,25.8,-1.0,25.8,-1.0,8.0367705087139
225,1995-11-01,16.099635125684635,73.31323069413497,19.49554358501831,0.0302167147923617,,44,1995,,,,1995,11,44,25.8,-1.0,25.8,-1.0,30.2167147923617
226,1995-11-08,14.77494092835716,46.39696536113611,26.05244493289871,0.0023730924836447,,45,1995,,,,1995,11,45,25.9,-0.9,25.9,-0.9,2.3730924836447
227,1995-11-15,16.158755110096987,58.88569437783202,23.167710565060982,0.0059961599414073,,46,1995,,,,1995,11,46,25.7,-1.0,25.7,-1.0,5.9961599414073
228,1995-11-22,18.437516062016915,75.64238486407643,20.92627232869472,0.0333213376826831,,47,1995,,,,1995,11,47,25.6,-1.1,25.6,-1.1,33.321337682683094
229,1995-11-29,19.50250525727686,81.86327296667905,20.502146229127614,0.061824069703992,,48,1995,,,,1995,11,48,25.7,-1.0,25.7,-1.0,61.824069703992
230,1995-12-06,19.656656752020528,75.07801551052117,22.11345486543621,0.0280456142463013,,49,1995,,,,1995,12,49,25.6,-1.1,25.6,-1.1,28.045614246301298
231,1995-12-13,20.019601265051328,79.04843941577474,21.51079298006437,0.0334926530697349,,50,1995,,,,1995,12,50,25.5,-1.1,25.5,-1.1,33.4926530697349
232,1995-12-20,18.52862887863185,62.734027123690886,24.46631674993614,0.0021713823076439,,51,1995,,,,1995,12,51,25.8,-0.7,25.8,-0.7,2.1713823076439
233,1995-12-27,16.497714525673725,49.07785976761521,26.74466990256792,0.0048923768500586,,52,1995,,,,1995,12,52,25.6,-0.9,25.6,-0.9,4.8923768500586
234,1996-01-03,16.94592888654228,53.40408685276695,25.843133233518078,0.0067559303821909,,1,1996,,,,1996,1,1,25.5,-1.0,25.5,-1.0,6.7559303821909
235,1996-01-10,18.22245013945748,59.06730287088202,25.058339081329564,0.0101750697126559,,2,1996,,,,1996,1,2,25.5,-1.0,25.5,-1.0,10.1750697126559
236,1996-01-17,19.862935959128382,69.7151818874067,23.75745827292104,0.0380762839726165,,3,1996,,,,1996,1,3,25.8,-0.6,25.8,-0.6,38.076283972616494
237,1996-01-24,19.87037208771498,79.35753987987428,21.30481134271952,0.036082775663447,,4,1996,,,,1996,1,4,25.8,-0.6,25.8,-0.6,36.082775663447
238,1996-01-31,21.4489083624748,79.68464080382982,22.527431651524186,0.0343382642896667,,5,1996,,,,1996,1,5,25.6,-0.9,25.6,-0.9,34.338264289666704
239,1996-02-07,21.65754590611191,77.85767112795622,23.102516143176047,0.0334325513729904,,6,1996,,,,1996,2,6,25.5,-1.1,25.5,-1.1,33.4325513729904
240,1996-02-14,19.90497106588832,81.11217937100345,20.45502268992317,0.0562200083137603,,7,1996,,,,1996,2,7,25.9,-0.7,25.9,-0.7,56.220008313760296
241,1996-02-21,21.296987041091445,75.22631676928401,23.232533002061928,0.0087274661626486,,8,1996,,,,1996,2,8,26.1,-0.7,26.1,-0.7,8.727466162648598
242,1996-02-28,21.79103619936444,78.7640103237796,23.02238805083192,0.0245863353154471,,9,1996,,,,1996,2,9,26.3,-0.5,26.3,-0.5,24.5863353154471
243,1996-03-06,21.11771431870256,91.20433290293174,19.84487844454185,0.1443443900796574,,10,1996,,,,1996,3,10,26.3,-0.7,26.3,-0.7,144.34439007965742
244,1996-03-13,20.318946666290437,80.15860512731437,21.44615713885048,0.0150219135406684,,11,1996,,,,1996,3,11,26.4,-0.7,26.4,-0.7,15.0219135406684
245,1996-03-20,21.57581343724163,86.9191475682901,21.090586300285565,0.0557302564233331,,12,1996,,,,1996,3,12,26.7,-0.6,26.7,-0.6,55.730256423333095
246,1996-03-27,19.328945060703173,81.54648567239506,20.31960098889408,0.0219413348227541,,13,1996,,,,1996,3,13,26.7,-0.8,26.7,-0.8,21.9413348227541
247,1996-04-03,21.74800270673414,87.63290658113064,21.05371482485822,0.0554338309653092,,14,1996,,,,1996,4,14,27.0,-0.6,27.0,-0.6,55.4338309653092
248,1996-04-10,18.002697816542454,86.00641395866424,18.240887331800423,0.0188544284775064,,15,1996,,,,1996,4,15,27.3,-0.4,27.3,-0.4,18.8544284775064
249,1996-04-17,19.602032675922032,85.08590439486088,19.757751680231426,0.026643104323747,,16,1996,,,,1996,4,16,27.3,-0.5,27.3,-0.5,26.643104323747
250,1996-04-24,14.206012915386497,75.90528334073808,16.414903440929606,0.0032985599973877,,17,1996,,,,1996,4,17,27.3,-0.5,27.3,-0.5,3.2985599973877
251,1996-05-01,17.092465299538862,85.66722010270489,17.393446754922707,0.0216917842624866,,18,1996,,,,1996,5,18,27.5,-0.4,27.5,-0.4,21.6917842624866
252,1996-05-08,19.664253173992982,91.88369480375998,18.632024409495276,0.0470310670986105,,19,1996,,,,1996,5,19,27.4,-0.4,27.4,-0.4,47.0310670986105
253,1996-05-15,17.942747079590646,87.4433936586671,17.947076960972367,0.0270811210026248,,20,1996,,,,1996,5,20,27.3,-0.6,27.3,-0.6,27.081121002624798
254,1996-05-22,16.13516460867365,86.95134289221068,16.19721380999306,0.0198408888917762,,21,1996,,,,1996,5,21,27.2,-0.7,27.2,-0.7,19.8408888917762
255,1996-05-29,13.439561954336575,86.35291462457839,13.645576394009822,0.0085945974675755,,22,1996,,,,1996,5,22,27.3,-0.5,27.3,-0.5,8.5945974675755
256,1996-06-05,10.856560884975623,78.86082927631067,11.376762346021168,0.0116252189704206,,23,1996,,,,1996,6,23,27.3,-0.5,27.3,-0.5,11.6252189704206
257,1996-06-12,13.693432355290549,81.96945135967736,14.64250253949848,0.0045039109079719,,24,1996,,,,1996,6,24,27.2,-0.5,27.2,-0.5,4.5039109079719
258,1996-06-19,15.657700231266066,89.54312351401721,15.153263333379016,0.0187626207355501,,25,1996,,,,1996,6,25,27.1,-0.5,27.1,-0.5,18.7626207355501
259,1996-06-26,9.110020509271536,81.88906868445952,8.649607841336035,0.0076404345825186,,26,1996,,,,1996,6,26,27.2,-0.4,27.2,-0.4,7.6404345825185995
260,1996-07-03,7.754549470148867,79.87659001134234,6.494657355587549,0.0175690920618032,,27,1996,,,,1996,7,27,27.2,-0.2,27.2,-0.2,17.5690920618032
261,1996-07-10,10.469007812685712,80.87272237228777,10.88943295381506,0.0033039414356511,,28,1996,,,,1996,7,28,26.9,-0.5,26.9,-0.5,3.3039414356511
262,1996-07-17,9.262525315290468,66.89332766158385,12.014469167488755,0.0002798678943806,,29,1996,,,,1996,7,29,26.7,-0.5,26.7,-0.5,0.2798678943806
263,1996-07-24,10.462930820841178,67.40153719324626,13.444405336444902,0.0007474367071818,,30,1996,,,,1996,7,30,26.9,-0.2,26.9,-0.2,0.7474367071818
264,1996-07-31,9.459383720480083,62.434525114449386,13.496680377778546,2.233565832706778e-05,,31,1996,,,,1996,7,31,26.5,-0.5,26.5,-0.5,0.022335658327067777
265,1996-08-07,12.794226815184444,66.65495447222865,17.1415736607143,0.0008950165337263,,32,1996,,,,1996,8,32,26.5,-0.4,26.5,-0.4,0.8950165337263001
266,1996-08-14,11.744824849709737,70.09088008437037,15.35501335559252,0.0016001971646062,,33,1996,,,,1996,8,33,26.5,-0.3,26.5,-0.3,1.6001971646062
267,1996-08-21,12.15846953628237,55.72885320079206,19.66354200921097,0.0006061344174328,,34,1996,,,,1996,8,34,26.5,-0.2,26.5,-0.2,0.6061344174327999
268,1996-08-28,13.116287511395864,57.482799120421326,19.5019470214844,0.0001817969699184,,35,1996,,,,1996,8,35,26.6,-0.1,26.6,-0.1,0.1817969699184
269,1996-09-04,9.191061236979303,54.28956503864384,15.5846309480213,0.0030609192616891,,36,1996,,,,1996,9,36,26.6,-0.1,26.6,-0.1,3.0609192616891003
270,1996-09-11,9.08553457340263,51.37630218619396,15.918781015824322,0.0012127758615732,,37,1996,,,,1996,9,37,26.2,-0.4,26.2,-0.4,1.2127758615732
271,1996-09-18,11.424391395069293,50.87399837042904,19.50783703083897,0.0011342845946517,,38,1996,,,,1996,9,38,26.4,-0.2,26.4,-0.2,1.1342845946517
272,1996-09-25,15.866058213503608,68.99386438790337,20.40112497498393,0.0271200354609147,,39,1996,,,,1996,9,39,26.2,-0.4,26.2,-0.4,27.1200354609147
273,1996-10-02,10.46948012906861,67.98569401347099,13.622441721286918,0.0072277753094048,,40,1996,,,,1996,10,40,26.0,-0.7,26.0,-0.7,7.2277753094048
274,1996-10-09,13.706101227821437,54.97308603972945,21.50516418664637,0.0012292213231798,,41,1996,,,,1996,10,41,26.1,-0.6,26.1,-0.6,1.2292213231798
275,1996-10-16,13.206595012938095,56.34703803911329,20.28050372843842,0.0063519514570283,,42,1996,,,,1996,10,42,26.2,-0.5,26.2,-0.5,6.3519514570283
276,1996-10-23,14.84455113489168,63.08272732366785,21.28432705418589,0.0456327466290907,,43,1996,,,,1996,10,43,26.1,-0.6,26.1,-0.6,45.6327466290907
277,1996-10-30,15.488331559007394,71.71609522967492,19.20292686410505,0.0049788146531228,,44,1996,,,,1996,10,44,26.2,-0.5,26.2,-0.5,4.978814653122799
278,1996-11-06,20.213903354469902,79.53857652626844,21.65136513223456,0.042622083600525,,45,1996,,,,1996,11,45,26.1,-0.7,26.1,-0.7,42.622083600525
279,1996-11-13,18.73924799359185,75.83194027264327,21.12483222598121,0.0241880889527012,,46,1996,,,,1996,11,46,26.5,-0.3,26.5,-0.3,24.1880889527012
280,1996-11-20,21.091225105621145,82.4520000098474,21.723606454758453,0.0614510510514817,,47,1996,,,,1996,11,47,26.5,-0.3,26.5,-0.3,61.4510510514817
281,1996-11-27,15.514996227831524,67.17193759882932,20.215444274175752,0.0121632405397349,,48,1996,,,,1996,11,48,26.2,-0.5,26.2,-0.5,12.1632405397349
282,1996-12-04,19.036994319016436,66.32283372901826,23.862011236074068,0.0144395285856993,,49,1996,,,,1996,12,49,26.4,-0.3,26.4,-0.3,14.4395285856993
283,1996-12-11,18.72561758101012,73.5342814284863,21.55550713571563,0.0310886662984119,,50,1996,,,,1996,12,50,26.0,-0.6,26.0,-0.6,31.0886662984119
284,1996-12-18,17.615824425088597,73.59104123854681,20.50770534593238,0.0283003997534494,,51,1996,,,,1996,12,51,25.9,-0.7,25.9,-0.7,28.3003997534494
285,1996-12-25,23.44171211737608,80.7679166966436,23.802513831002443,0.0526749998540009,,52,1996,,,,1996,12,52,25.7,-0.8,25.7,-0.8,52.674999854000895
286,1997-01-01,23.903668178502837,83.18639937348024,23.61225908759502,0.0920699469130892,,1,1997,,,,1997,1,1,25.7,-0.8,25.7,-0.8,92.0699469130892
287,1997-01-08,22.78537315757429,75.87307038614199,24.37247831124029,0.0459654205264022,,2,1997,,,,1997,1,2,25.9,-0.6,25.9,-0.6,45.9654205264022
288,1997-01-15,24.1419508315864,82.63270227855851,23.872540410359704,0.0549125566756743,,3,1997,,,,1997,1,3,25.7,-0.8,25.7,-0.8,54.9125566756743
289,1997-01-22,22.795335939004342,82.40421357048517,22.929482318592704,0.0608046076103586,,4,1997,,,,1997,1,4,25.9,-0.6,25.9,-0.6,60.8046076103586
290,1997-01-29,21.074501728219428,74.98394862463478,23.24980418665882,0.0094895635496641,,5,1997,,,,1997,1,5,26.2,-0.3,26.2,-0.3,9.4895635496641
291,1997-02-05,22.09215965177684,83.47561728782654,22.13630299470861,0.0545318471382871,,6,1997,,,,1997,2,6,26.1,-0.4,26.1,-0.4,54.5318471382871
292,1997-02-12,19.01704116139334,88.73333521304849,18.5019032562671,0.0781388223584192,,7,1997,,,,1997,2,7,26.2,-0.4,26.2,-0.4,78.13882235841919
293,1997-02-19,22.165440794342167,87.0610462144516,21.4359364360368,0.0355915341360823,,8,1997,,,,1997,2,8,26.4,-0.3,26.4,-0.3,35.5915341360823
294,1997-02-26,20.246820021506934,83.532648029108,20.31150672030293,0.0363689077750726,,9,1997,,,,1997,2,9,26.5,-0.4,26.5,-0.4,36.3689077750726
295,1997-03-05,22.61757366399275,90.2396015714026,21.150492474821988,0.118937231812749,,10,1997,,,,1997,3,10,26.3,-0.7,26.3,-0.7,118.93723181274899
296,1997-03-12,21.08088668621155,84.21204947602621,21.20129360276826,0.0230963075958453,,11,1997,,,,1997,3,11,26.4,-0.7,26.4,-0.7,23.0963075958453
297,1997-03-19,21.53752748408598,87.59152479879197,20.925067610967744,0.0519157650210299,,12,1997,,,,1997,3,12,27.2,-0.1,27.2,-0.1,51.915765021029905
298,1997-03-26,20.489738610727976,92.35856517399918,19.167254553035832,0.0796385863670658,,13,1997,,,,1997,3,13,27.3,-0.1,27.3,-0.1,79.63858636706581
299,1997-04-02,19.008738244235825,83.71256264583656,19.68533429775113,0.0302238251316891,,14,1997,,,,1997,4,14,27.2,-0.3,27.2,-0.3,30.2238251316891
300,1997-04-09,15.891546590637434,79.82618160322188,17.15569308793465,0.0229007318894137,,15,1997,,,,1997,4,15,27.4,-0.2,27.4,-0.2,22.9007318894137
301,1997-04-16,19.74524051752236,85.42899114938567,19.973260212593345,0.0165781100426037,,16,1997,,,,1997,4,16,27.6,-0.1,27.6,-0.1,16.578110042603697
302,1997-04-23,19.71296065591748,88.05019932390005,19.273136834384616,0.0195370319680883,,17,1997,,,,1997,4,17,28.0,0.1,28.0,0.1,19.5370319680883
303,1997-04-30,16.071040395624646,77.27623079572392,18.122818727558183,0.0026158168922749,,18,1997,,,,1997,4,18,28.1,0.3,28.1,0.3,2.6158168922749003
304,1997-05-07,18.672305768036026,84.08009800518646,19.189281990414656,0.011689938820996,,19,1997,,,,1997,5,19,28.2,0.3,28.2,0.3,11.689938820996002
305,1997-05-14,17.970413453360887,85.59868669945476,18.38923892326096,0.0269770216026716,,20,1997,,,,1997,5,20,28.2,0.3,28.2,0.3,26.977021602671602
306,1997-05-21,17.370266182751678,87.2034862728473,17.50910204413799,0.0076183520005917,,21,1997,,,,1997,5,21,28.2,0.3,28.2,0.3,7.618352000591701
307,1997-05-28,11.009590595662251,78.4082871112042,11.713068989345004,0.0084159808351889,,22,1997,,,,1997,5,22,28.5,0.7,28.5,0.7,8.4159808351889
308,1997-06-04,12.854447563713853,87.78185036811615,12.717526255497376,0.0077986392589229,,23,1997,,,,1997,6,23,28.6,0.9,28.6,0.9,7.7986392589229
309,1997-06-11,12.906674147807031,84.89728496426943,13.191935501617706,0.0124648059604527,,24,1997,,,,1997,6,24,28.4,0.7,28.4,0.7,12.4648059604527
310,1997-06-18,11.627384771091144,75.70484797965003,13.424841466890769,0.0002535733426855,,25,1997,,,,1997,6,25,28.5,0.9,28.5,0.9,0.25357334268549997
311,1997-06-25,14.783315452770822,80.71368497882658,16.358532102416177,0.0034300936509664,,26,1997,,,,1997,6,26,28.6,1.0,28.6,1.0,3.4300936509664
312,1997-07-02,10.789889418807302,82.0456814747835,10.855608500266555,0.0098130424436964,,27,1997,,,,1997,7,27,28.4,1.0,28.4,1.0,9.8130424436964
313,1997-07-09,11.85097788297261,77.21120867947987,13.484657139680849,0.0039019880506917,,28,1997,,,,1997,7,28,28.6,1.3,28.6,1.3,3.9019880506917
314,1997-07-16,14.199567619340856,83.79629546685042,14.95668283579306,0.0157096421461722,,29,1997,,,,1997,7,29,28.6,1.4,28.6,1.4,15.709642146172198
315,1997-07-23,11.179197853556431,75.72347197857286,12.881366711571104,0.0052201305113287,,30,1997,,,,1997,7,30,28.6,1.5,28.6,1.5,5.2201305113286995
316,1997-07-30,16.363320875787068,78.16807576915635,18.370256237107924,0.002104698936908,,31,1997,,,,1997,7,31,28.5,1.4,28.5,1.4,2.104698936908
317,1997-08-06,13.833943449605048,83.50387149650311,14.163232305098576,0.0270626702634427,,32,1997,,,,1997,8,32,28.5,1.6,28.5,1.6,27.062670263442698
318,1997-08-13,9.287406850234664,65.6350461564281,12.429300796093573,0.0006382750056965,,33,1997,,,,1997,8,33,28.6,1.7,28.6,1.7,0.6382750056965
319,1997-08-20,14.980786095626042,67.08450135683928,19.728880403479764,0.0031242371428531,,34,1997,,,,1997,8,34,28.6,1.8,28.6,1.8,3.1242371428531004
320,1997-08-27,9.696437518098511,65.05621501718528,13.325958013210196,0.0044028702604837,,35,1997,,,,1997,8,35,28.7,1.9,28.7,1.9,4.4028702604837004
321,1997-09-03,15.335650318393183,61.99948228680759,21.5086094681098,0.0024791946902057,,36,1997,,,,1997,9,36,28.8,2.1,28.8,2.1,2.4791946902057
322,1997-09-10,17.505513988512554,64.60292906683122,23.167700665013346,0.0023616927352867,,37,1997,,,,1997,9,37,28.5,1.8,28.5,1.8,2.3616927352867
323,1997-09-17,10.841432746982973,55.68333122204113,17.831851837262036,0.0037466751420066,,38,1997,,,,1997,9,38,28.6,1.9,28.6,1.9,3.7466751420066
324,1997-09-24,13.866556172231505,59.30239105165093,20.580565869078384,0.0156236770865823,,39,1997,,,,1997,9,39,28.5,1.8,28.5,1.8,15.6236770865823
325,1997-10-01,15.11635267360187,71.06498647043097,18.919141232237564,0.0104935704467946,,40,1997,,,,1997,10,40,28.7,2.0,28.7,2.0,10.4935704467946
326,1997-10-08,13.577917047120948,65.19481083856287,18.64735088997145,0.0099712517518111,,41,1997,,,,1997,10,41,28.7,2.0,28.7,2.0,9.9712517518111
327,1997-10-15,17.12052119043121,60.8300513420469,23.970989027477454,0.0071492010079785,,42,1997,,,,1997,10,42,28.8,2.1,28.8,2.1,7.1492010079785
328,1997-10-22,12.465628113685211,57.788521446425015,19.157641295348757,0.0035327942398305,,43,1997,,,,1997,10,43,28.8,2.0,28.8,2.0,3.5327942398305003
329,1997-10-29,16.465677551444255,54.46573489542845,24.86764916400523,0.0026011548226522,,44,1997,,,,1997,10,44,28.6,1.9,28.6,1.9,2.6011548226522
330,1997-11-05,15.225099158184632,70.83867628088704,18.795901974528817,0.0125863568216248,,45,1997,,,,1997,11,45,29.0,2.2,29.0,2.2,12.586356821624799
331,1997-11-12,20.680618134390944,67.58177022788917,25.09677572444997,0.0067639643747107,,46,1997,,,,1997,11,46,29.0,2.2,29.0,2.2,6.7639643747106994
332,1997-11-19,14.231939029477072,57.37123151848684,21.47290366815065,0.0171732636210987,,47,1997,,,,1997,11,47,28.9,2.2,28.9,2.2,17.1732636210987
333,1997-11-26,19.406493263967057,69.87889473249824,23.136124780875548,0.0215147717253622,,48,1997,,,,1997,11,48,28.9,2.2,28.9,2.2,21.5147717253622
334,1997-12-03,18.34037666278736,70.42433533826643,22.17940263813045,0.0418473114047241,,49,1997,,,,1997,12,49,28.8,2.1,28.8,2.1,41.8473114047241
335,1997-12-10,20.257070783307128,73.13438172086074,23.167599588511,0.0210519871466609,,50,1997,,,,1997,12,50,28.7,2.1,28.7,2.1,21.0519871466609
336,1997-12-17,20.660492656840862,70.50268504782112,23.921746826171898,0.0213518012455113,,51,1997,,,,1997,12,51,28.9,2.3,28.9,2.3,21.3518012455113
337,1997-12-24,21.689432485826107,71.82707519399656,24.44903938916269,0.0192038384983561,,52,1997,,,,1997,12,52,28.7,2.2,28.7,2.2,19.2038384983561
338,1997-12-31,23.46314315332383,76.73558385830019,24.61300796197389,0.0362372639573241,,1,1997,,,,1997,12,1,28.6,2.1,28.6,2.1,36.2372639573241
339,1998-01-07,23.920975279659743,84.26718593214243,23.322553447801223,0.0561899319288272,,2,1998,,,,1998,1,2,28.5,2.0,28.5,2.0,56.1899319288272
340,1998-01-14,22.619482881460687,86.40808291788119,21.909391138505043,0.1013197892536368,,3,1998,,,,1998,1,3,28.6,2.1,28.6,2.1,101.3197892536368
341,1998-01-21,25.797906328057078,81.74074542674596,25.1485443712092,0.050694333440057,,4,1998,,,,1998,1,4,28.7,2.2,28.7,2.2,50.694333440057
342,1998-01-28,25.13083395062269,82.66114678053836,24.40743802648018,0.037227258511645,,5,1998,,,,1998,1,5,28.7,2.2,28.7,2.2,37.227258511645005
343,1998-02-04,20.618565772626777,76.61585391464226,22.356766740967657,0.0241171500504232,,6,1998,,,,1998,2,6,28.9,2.3,28.9,2.3,24.117150050423202
344,1998-02-11,21.80018752381777,83.87236115855137,21.738065506811893,0.0566511511688335,,7,1998,,,,1998,2,7,28.6,2.0,28.6,2.0,56.6511511688335
345,1998-02-18,19.304497922352613,78.47551937913639,20.9372869945708,0.0139712267430743,,8,1998,,,,1998,2,8,28.2,1.5,28.2,1.5,13.9712267430743
346,1998-02-25,19.283128602357344,83.31067328087194,19.88590474809922,0.0324025905092492,,9,1998,,,,1998,2,9,28.2,1.4,28.2,1.4,32.4025905092492
347,1998-03-04,20.51313712926129,80.08039457949123,21.70018606899555,0.0551081952422087,,10,1998,,,,1998,3,10,28.4,1.4,28.4,1.4,55.1081952422087
348,1998-03-11,24.23080333172282,83.60449873226334,23.6724049393012,0.0514562974338933,,11,1998,,,,1998,3,11,28.3,1.2,28.3,1.2,51.456297433893305
349,1998-03-18,14.93606308259124,78.83343855946829,16.636952427455412,0.0146440042679582,,12,1998,,,,1998,3,12,28.3,1.0,28.3,1.0,14.644004267958199
350,1998-03-25,22.432945454853265,88.19925789347636,21.383754958587478,0.0556289941390087,,13,1998,,,,1998,3,13,28.6,1.2,28.6,1.2,55.628994139008704
351,1998-04-01,18.023409451521697,85.15567200879974,18.482090808583,0.0430167608503977,,14,1998,,,,1998,4,14,28.6,1.0,28.6,1.0,43.016760850397695
352,1998-04-08,18.22574812395841,81.10380312763169,19.467486382828326,0.0247357913266844,,15,1998,,,,1998,4,15,28.3,0.6,28.3,0.6,24.7357913266844
353,1998-04-15,20.14995520886589,89.01356759089694,19.420358860249397,0.0385863297747651,,16,1998,,,,1998,4,16,28.1,0.3,28.1,0.3,38.586329774765105
354,1998-04-22,15.820640736330116,83.97206658006048,16.57455005256503,0.0144181000301709,,17,1998,,,,1998,4,17,28.3,0.4,28.3,0.4,14.4181000301709
355,1998-04-29,17.25565490745547,89.47763442414437,16.90992790793075,0.0330476990765841,,18,1998,,,,1998,4,18,28.4,0.6,28.4,0.6,33.0476990765841
356,1998-05-06,12.212080860698808,81.52320075763589,13.125187563734016,0.0070530308142322,,19,1998,,,,1998,5,19,28.7,0.8,28.7,0.8,7.0530308142322
357,1998-05-13,17.57018549156143,85.7965906729065,17.88894009233337,0.0163213891883385,,20,1998,,,,1998,5,20,28.5,0.6,28.5,0.6,16.3213891883385
358,1998-05-20,12.478416320801797,78.30628273102938,13.840581395674748,0.0195264975892785,,21,1998,,,,1998,5,21,28.3,0.4,28.3,0.4,19.526497589278502
359,1998-05-27,14.953226212430083,77.95621106435611,16.900115728053947,0.0056540930210106,,22,1998,,,,1998,5,22,27.9,0.0,27.9,0.0,5.6540930210106
360,1998-06-03,12.039990019615333,79.65157919652987,13.34945913042344,0.0070250267459707,,23,1998,,,,1998,6,23,27.2,-0.6,27.2,-0.6,7.025026745970701
361,1998-06-10,14.714672554438758,79.58543825602268,16.22885996760158,0.0079820105825498,,24,1998,,,,1998,6,24,26.7,-1.0,26.7,-1.0,7.982010582549799
362,1998-06-17,11.472109815641527,86.86989310725451,10.890318586388446,0.0176083136987829,,25,1998,,,,1998,6,25,27.0,-0.6,27.0,-0.6,17.6083136987829
363,1998-06-24,11.020641448984357,78.13934107316618,12.33285508966776,0.0011447206449669,,26,1998,,,,1998,6,26,26.6,-1.0,26.6,-1.0,1.1447206449669
364,1998-07-01,11.151227075989397,72.47007380241129,13.459835112175996,0.0018020306108823,,27,1998,,,,1998,7,27,26.3,-1.1,26.3,-1.1,1.8020306108823
365,1998-07-08,15.066323620651724,86.82041991131551,15.315291276270102,0.0085987079535583,,28,1998,,,,1998,7,28,26.3,-1.1,26.3,-1.1,8.5987079535583
366,1998-07-15,10.524827390633138,70.98213995926787,12.992146026196169,0.0035090559174071,,29,1998,,,,1998,7,29,26.0,-1.3,26.0,-1.3,3.5090559174071
367,1998-07-22,13.220969333570764,74.35576993930707,15.838919848487478,0.004070733997272,,30,1998,,,,1998,7,30,25.8,-1.3,25.8,-1.3,4.070733997272
368,1998-07-29,12.682268843659292,78.04813700971411,14.397382510438264,0.017585414741185,,31,1998,,,,1998,7,31,25.6,-1.5,25.6,-1.5,17.585414741184998
369,1998-08-05,11.962458890099896,71.37284097396652,15.09204487703289,0.0017976171072093,,32,1998,,,,1998,8,32,25.6,-1.4,25.6,-1.4,1.7976171072093001
370,1998-08-12,13.970679422032276,75.98618266911566,16.508544280902072,0.0118580181940209,,33,1998,,,,1998,8,33,25.6,-1.3,25.6,-1.3,11.8580181940209
371,1998-08-19,12.033841126112032,74.13191625958835,14.60476685348823,0.0059601138740146,,34,1998,,,,1998,8,34,25.2,-1.6,25.2,-1.6,5.9601138740146
372,1998-08-26,12.277174024357976,82.90175550363863,12.82998968111417,0.0191721857529257,,35,1998,,,,1998,8,35,25.7,-1.0,25.7,-1.0,19.1721857529257
373,1998-09-02,9.423200807122004,58.059348068902274,14.904283518369482,0.000252923802764,,36,1998,,,,1998,9,36,25.8,-0.9,25.8,-0.9,0.252923802764
374,1998-09-09,12.41543262761268,72.66796537096197,15.476316745265024,0.0145145062177921,,37,1998,,,,1998,9,37,26.0,-0.7,26.0,-0.7,14.5145062177921
375,1998-09-16,12.75889792628699,64.54974148804266,17.979440670921747,0.0097147364079514,,38,1998,,,,1998,9,38,25.6,-1.1,25.6,-1.1,9.7147364079514
376,1998-09-23,8.948660125716406,56.71661877497592,13.66678179007812,0.0040495086989937,,39,1998,,,,1998,9,39,25.3,-1.4,25.3,-1.4,4.0495086989937
377,1998-09-30,10.732755753996663,54.79571094173881,17.469946940415582,0.0025934740900943,,40,1998,,,,1998,9,40,25.2,-1.5,25.2,-1.5,2.5934740900943
378,1998-10-07,10.16318290172863,46.81903245451716,19.49936261598765,0.0001016286113854,,41,1998,,,,1998,10,41,25.3,-1.5,25.3,-1.5,0.1016286113854
379,1998-10-14,13.061503073605442,52.276689693684645,21.737029998156515,0.0113706424818685,,42,1998,,,,1998,10,42,25.3,-1.4,25.3,-1.4,11.3706424818685
380,1998-10-21,16.855562966897097,74.52096108036874,20.038015853466675,0.0621598584832473,,43,1998,,,,1998,10,43,25.3,-1.4,25.3,-1.4,62.159858483247305
381,1998-10-28,15.37756428633601,64.87102527102167,20.9094147532976,0.0168747606610233,,44,1998,,,,1998,10,44,25.4,-1.4,25.4,-1.4,16.874760661023302
382,1998-11-04,16.875039525696195,76.83254685602107,19.413183453618277,0.0618374935217015,,45,1998,,,,1998,11,45,25.5,-1.2,25.5,-1.2,61.837493521701504
383,1998-11-11,19.63830254136875,79.92230625709239,21.04383570612697,0.0395220326255087,,46,1998,,,,1998,11,46,25.3,-1.4,25.3,-1.4,39.5220326255087
384,1998-11-18,20.769719339282982,84.5019239467739,20.793291125654434,0.0540712526461025,,47,1998,,,,1998,11,47,25.3,-1.4,25.3,-1.4,54.0712526461025
385,1998-11-25,18.443250528149854,70.00654563644386,21.92844835398148,0.0064308758291465,,48,1998,,,,1998,11,48,25.3,-1.4,25.3,-1.4,6.430875829146499
386,1998-12-02,18.313637103886656,76.55259303558063,20.577587823154147,0.0196736319562091,,49,1998,,,,1998,12,49,25.2,-1.5,25.2,-1.5,19.6736319562091
387,1998-12-09,17.001968431587677,68.98979882796885,21.43046181347904,0.0244643146967388,,50,1998,,,,1998,12,50,24.8,-1.8,24.8,-1.8,24.4643146967388
388,1998-12-16,19.22569339037923,67.47411819114555,23.542833452808622,0.0131371897470507,,51,1998,,,,1998,12,51,24.8,-1.8,24.8,-1.8,13.1371897470507
389,1998-12-23,18.4369772542966,69.52887274594305,22.123358675898373,0.0195278841710221,,52,1998,,,,1998,12,52,24.6,-2.0,24.6,-2.0,19.5278841710221
390,1998-12-30,15.920496161816326,51.00129784559111,25.37987608617664,0.0010114841647107,,53,1998,,,,1998,12,53,24.6,-2.0,24.6,-2.0,1.0114841647107
391,1999-01-06,19.95084263775893,72.26692092993859,23.13177297682995,0.0586746565701753,,1,1999,,,,1999,1,1,24.6,-1.9,24.6,-1.9,58.6746565701753
392,1999-01-13,18.1662446011873,83.83295591597768,18.876408604213168,0.0495087766979541,,2,1999,,,,1999,1,2,24.8,-1.6,24.8,-1.6,49.508776697954104
393,1999-01-20,19.795155891721333,78.20299127773848,21.540175114845795,0.05715270233966,,3,1999,,,,1999,1,3,25.0,-1.5,25.0,-1.5,57.15270233966
394,1999-01-27,21.61743063806643,82.10467657843387,22.03716740770409,0.0441447354730501,,4,1999,,,,1999,1,4,25.1,-1.4,25.1,-1.4,44.1447354730501
395,1999-02-03,22.091460915900697,82.6436023198755,22.28687915153245,0.0691394396941161,,5,1999,,,,1999,2,5,25.4,-1.1,25.4,-1.1,69.13943969411609
396,1999-02-10,22.33606228507664,83.44023207309384,22.19948281528184,0.0512231166445157,,6,1999,,,,1999,2,6,25.1,-1.5,25.1,-1.5,51.2231166445157
397,1999-02-17,20.989926393814347,80.1618125395869,21.94255479306588,0.0396053530766395,,7,1999,,,,1999,2,7,25.6,-1.1,25.6,-1.1,39.6053530766395
398,1999-02-24,22.95056561444961,83.38107909789616,22.828696044610467,0.0579430456738236,,8,1999,,,,1999,2,8,25.9,-0.9,25.9,-0.9,57.9430456738236
399,1999-03-03,23.0089647928214,81.18745857221758,23.32570281774821,0.0444632966210924,,9,1999,,,,1999,3,9,26.0,-0.9,26.0,-0.9,44.4632966210924
400,1999-03-10,23.34900453166518,86.16442304979446,22.51371083421776,0.0737153421550763,,10,1999,,,,1999,3,10,26.1,-1.0,26.1,-1.0,73.7153421550763
401,1999-03-17,20.22348456362148,83.63457548306216,20.57733213463609,0.0107567191705289,,11,1999,,,,1999,3,11,26.4,-0.8,26.4,-0.8,10.7567191705289
402,1999-03-24,21.81301923100146,91.89963331898252,20.28732723573438,0.083374069785082,,12,1999,,,,1999,3,12,26.4,-0.9,26.4,-0.9,83.374069785082
403,1999-03-31,22.665908851233247,88.46444926827562,21.40100103624826,0.0525477579164511,,13,1999,,,,1999,3,13,26.3,-1.2,26.3,-1.2,52.547757916451104
404,1999-04-07,16.39816825403808,89.21374870295274,16.224658895998573,0.0230825180090375,,14,1999,,,,1999,4,14,26.5,-1.1,26.5,-1.1,23.0825180090375
405,1999-04-14,16.527392244257804,89.11769855494826,16.335337406599592,0.0223924053911786,,15,1999,,,,1999,4,15,26.8,-0.9,26.8,-0.9,22.3924053911786
406,1999-04-21,11.793782493403326,75.55912270712635,13.367999311693724,0.005585447379214,,16,1999,,,,1999,4,16,26.9,-0.9,26.9,-0.9,5.585447379214
407,1999-04-28,18.20779660876073,83.39092670936367,18.80242901237642,0.0094737130239782,,17,1999,,,,1999,4,17,27.0,-0.9,27.0,-0.9,9.473713023978199
408,1999-05-05,17.93748224972185,86.53628526158114,18.02219101004056,0.0156274494640017,,18,1999,,,,1999,5,18,27.1,-0.8,27.1,-0.8,15.6274494640017
409,1999-05-12,16.486930855861203,87.29658762683123,16.709061078960417,0.033803669508042,,19,1999,,,,1999,5,19,27.0,-0.9,27.0,-0.9,33.803669508042
410,1999-05-19,16.261640295719857,92.06229609650516,15.556720611676042,0.0300404337898838,,20,1999,,,,1999,5,20,26.8,-1.0,26.8,-1.0,30.0404337898838
411,1999-05-26,12.648111870927597,92.07989306794632,11.62272714887348,0.0274570855027929,,21,1999,,,,1999,5,21,26.8,-1.0,26.8,-1.0,27.4570855027929
412,1999-06-02,12.343450497785264,81.6968629132777,13.256207973454307,0.0046820927429444,,22,1999,,,,1999,6,22,26.7,-1.1,26.7,-1.1,4.6820927429444
413,1999-06-09,11.315868900518582,86.2633853969782,11.059827656648622,0.0096874439286967,,23,1999,,,,1999,6,23,26.6,-1.1,26.6,-1.1,9.6874439286967
414,1999-06-16,10.27726584255812,75.33469632503234,11.643583162787875,0.0015087419469028,,24,1999,,,,1999,6,24,26.6,-1.0,26.6,-1.0,1.5087419469028
415,1999-06-23,13.90599127862485,88.17052845881894,13.867638680075288,0.0129622611397053,,25,1999,,,,1999,6,25,26.5,-1.1,26.5,-1.1,12.9622611397053
416,1999-06-30,15.813850967651108,90.74394295191124,15.374159918026066,0.0283439565718935,,26,1999,,,,1999,6,26,26.5,-0.9,26.5,-0.9,28.3439565718935
417,1999-07-07,9.275271945756671,79.3180404903403,9.362855425983868,0.012197072965471,,27,1999,,,,1999,7,27,26.6,-0.8,26.6,-0.8,12.197072965471
418,1999-07-14,12.010893475428835,78.4000744328181,13.180867702458215,0.0068703807780821,,28,1999,,,,1999,7,28,26.3,-1.0,26.3,-1.0,6.8703807780821
419,1999-07-21,9.015725289269708,84.07836659899176,7.979297515972973,0.012250888104937,,29,1999,,,,1999,7,29,26.1,-1.1,26.1,-1.1,12.250888104937
420,1999-07-28,11.110381479252217,75.54078652325109,12.875407518659358,0.0002834396700401,,30,1999,,,,1999,7,30,25.8,-1.3,25.8,-1.3,0.28343967004009996
421,1999-08-04,11.591393730609074,65.2167597623479,15.425646938920863,0.0024057668663642,,31,1999,,,,1999,8,31,26.0,-1.0,26.0,-1.0,2.4057668663642002
422,1999-08-11,11.2144695510112,61.57378555496138,16.252119604097743,0.0013248666421909,,32,1999,,,,1999,8,32,25.7,-1.2,25.7,-1.2,1.3248666421909
423,1999-08-18,7.142295420276677,53.66093507785828,10.189681288012082,0.0004562739856639,,33,1999,,,,1999,8,33,25.4,-1.4,25.4,-1.4,0.4562739856639
424,1999-08-25,10.92757537524005,62.13721429982563,15.959816259267429,0.0067990175756073,,34,1999,,,,1999,8,34,25.4,-1.3,25.4,-1.3,6.7990175756073
425,1999-09-01,12.79583139513476,67.52149141300642,17.18131498220015,0.0021945124490215,,35,1999,,,,1999,9,35,25.6,-1.1,25.6,-1.1,2.1945124490215
426,1999-09-08,16.81743554836106,70.81103416692392,21.187724361289952,0.006115301166085,,36,1999,,,,1999,9,36,25.7,-1.0,25.7,-1.0,6.115301166085
427,1999-09-15,9.571805073665198,50.86488469983975,17.49777284738974,7.494833455418919e-05,,37,1999,,,,1999,9,37,25.6,-1.1,25.6,-1.1,0.07494833455418919
428,1999-09-22,10.151034017693137,43.96645832809692,20.504288739574235,0.0011788562633634,,38,1999,,,,1999,9,38,25.7,-1.0,25.7,-1.0,1.1788562633633999
429,1999-09-29,17.32523715027127,68.25494804551649,21.85657273636383,0.024133901346051,,39,1999,,,,1999,9,39,25.7,-1.0,25.7,-1.0,24.133901346051
430,1999-10-06,12.434142843837847,73.63255878557015,14.200295138196909,0.0118482735878728,,40,1999,,,,1999,10,40,25.7,-1.0,25.7,-1.0,11.8482735878728
431,1999-10-13,13.460469824520867,61.06031412984509,19.411942742795414,0.0006179360203825,,41,1999,,,,1999,10,41,25.7,-1.0,25.7,-1.0,0.6179360203825
432,1999-10-20,16.10830775060909,65.67116200724962,21.09155795817469,0.0095605253805339,,42,1999,,,,1999,10,42,25.4,-1.3,25.4,-1.3,9.5605253805339
433,1999-10-27,16.101562250248364,69.6366239241047,20.402550192592912,0.0253208455887227,,43,1999,,,,1999,10,43,25.3,-1.5,25.3,-1.5,25.3208455887227
434,1999-11-03,17.806685321753463,70.24690940858031,21.80105306145288,0.0205363247213311,,44,1999,,,,1999,11,44,25.2,-1.5,25.2,-1.5,20.536324721331102
435,1999-11-10,12.028986578709134,61.99912479886105,17.456741431619093,0.0095026944057719,,45,1999,,,,1999,11,45,25.3,-1.4,25.3,-1.4,9.5026944057719
436,1999-11-17,12.40981096321127,51.17233154076186,20.99661273826553,0.0019964711623318,,46,1999,,,,1999,11,46,25.2,-1.5,25.2,-1.5,1.9964711623318
437,1999-11-24,19.04639005782793,81.1436639060453,20.366437867871756,0.0674803794360318,,47,1999,,,,1999,11,47,24.8,-2.0,24.8,-2.0,67.4803794360318
438,1999-12-01,16.285077516818316,67.53978317613843,21.043645295642705,0.0160582907843068,,48,1999,,,,1999,12,48,24.7,-1.9,24.7,-1.9,16.0582907843068
439,1999-12-08,14.153606953176784,55.66970578346172,21.83456251702347,0.0040012135867592,,49,1999,,,,1999,12,49,25.0,-1.6,25.0,-1.6,4.0012135867592
440,1999-12-15,15.544697590917176,66.38913477859883,20.507346634637717,0.0108531625302816,,50,1999,,,,1999,12,50,24.9,-1.7,24.9,-1.7,10.8531625302816
441,1999-12-22,18.748241245530952,60.47079788839013,25.428691988575167,0.0182225348673179,,51,1999,,,,1999,12,51,25.0,-1.6,25.0,-1.6,18.2225348673179
442,1999-12-29,20.159442418201696,64.92331197114827,25.177386804178468,0.0097391065722506,,52,1999,,,,1999,12,52,24.7,-1.8,24.7,-1.8,9.7391065722506
443,2000-01-05,19.49136132160005,67.0520800741963,24.017584711191542,0.0166385132935812,,1,2000,,,,2000,1,1,24.7,-1.8,24.7,-1.8,16.6385132935812
444,2000-01-12,20.345824349838864,67.07599598589738,24.852219959181184,0.0281958165225546,,2,2000,,,,2000,1,2,24.7,-1.8,24.7,-1.8,28.195816522554598
445,2000-01-19,23.187660171255438,76.0042373557021,24.71647574755616,0.0379111961854537,,3,2000,,,,2000,1,3,24.8,-1.7,24.8,-1.7,37.911196185453704
446,2000-01-26,22.32397747610352,76.76329583306192,23.91897271084952,0.052291025479235,,4,2000,,,,2000,1,4,24.7,-1.8,24.7,-1.8,52.291025479234996
447,2000-02-02,20.905644744097,77.57024132234501,22.54992204263914,0.0212952465305095,,5,2000,,,,2000,2,5,24.9,-1.6,24.9,-1.6,21.295246530509502
448,2000-02-09,21.517347691698347,77.18331454650699,23.08366083417616,0.0877606419763523,,6,2000,,,,2000,2,6,25.2,-1.4,25.2,-1.4,87.7606419763523
449,2000-02-16,20.98848566660543,74.36606040433958,23.018368475777777,0.0111821182979627,,7,2000,,,,2000,2,7,25.2,-1.5,25.2,-1.5,11.182118297962699
450,2000-02-23,18.83458707566384,74.54816988244214,21.514664599360287,0.0120123918798087,,8,2000,,,,2000,2,8,25.1,-1.7,25.1,-1.7,12.0123918798087
451,2000-03-01,21.03667879345169,77.00705196642355,22.50259808910141,0.0724265052456886,,9,2000,,,,2000,3,9,25.3,-1.6,25.3,-1.6,72.4265052456886
452,2000-03-08,21.6270869686946,86.20431876492472,21.12553431193038,0.0555181828223356,,10,2000,,,,2000,3,10,25.8,-1.3,25.8,-1.3,55.5181828223356
453,2000-03-15,21.528304271848185,85.23151086284804,21.35649940075524,0.0681128097615168,,11,2000,,,,2000,3,11,25.9,-1.3,25.9,-1.3,68.1128097615168
454,2000-03-22,21.765821584525828,91.4960766927538,20.333649714463437,0.0802493009255645,,12,2000,,,,2000,3,12,26.3,-1.0,26.3,-1.0,80.2493009255645
455,2000-03-29,21.02129656441809,86.47693883400477,20.45618351268115,0.0570188223641722,,13,2000,,,,2000,3,13,26.5,-0.9,26.5,-0.9,57.0188223641722
456,2000-04-05,16.664962640382264,85.07716374377567,17.014829007622325,0.0327805983672015,,14,2000,,,,2000,4,14,26.8,-0.8,26.8,-0.8,32.7805983672015
457,2000-04-12,23.719655528745747,89.21968522734252,22.150239472162184,0.036668516556704,,15,2000,,,,2000,4,15,26.9,-0.8,26.9,-0.8,36.668516556704
458,2000-04-19,18.16047166254771,88.51987100056228,17.865282326004206,0.0377923536511519,,16,2000,,,,2000,4,16,26.8,-0.9,26.8,-0.9,37.7923536511519
459,2000-04-26,16.201988443542607,84.79426452222832,16.78997991652716,0.0069098085031927,,17,2000,,,,2000,4,17,26.9,-0.9,26.9,-0.9,6.9098085031927
460,2000-05-03,21.23602158142926,88.58610036537536,20.47458401634583,0.0315584397998074,,18,2000,,,,2000,5,18,26.7,-1.2,26.7,-1.2,31.558439799807402
461,2000-05-10,12.476992705085832,82.54938634298644,13.040970258647915,0.0135668003132341,,19,2000,,,,2000,5,19,26.9,-1.0,26.9,-1.0,13.5668003132341
462,2000-05-17,15.077732834377109,90.07662289120928,14.692043818259776,0.0195216779529085,,20,2000,,,,2000,5,20,26.9,-1.0,26.9,-1.0,19.5216779529085
463,2000-05-24,12.315190090216158,85.99789890421383,12.31611035924385,0.0090342572441711,,21,2000,,,,2000,5,21,26.9,-0.9,26.9,-0.9,9.0342572441711
464,2000-05-31,16.333712633494102,88.97189069405843,16.205956654970407,0.0157307617345427,,22,2000,,,,2000,5,22,26.8,-1.0,26.8,-1.0,15.7307617345427
465,2000-06-07,13.824319933492156,89.32489082873511,13.472573865514278,0.0135686731364005,,23,2000,,,,2000,6,23,26.9,-0.8,26.9,-0.8,13.5686731364005
466,2000-06-14,14.472785973681296,85.88720656229823,14.94335459495079,0.0072555968342824,,24,2000,,,,2000,6,24,27.2,-0.4,27.2,-0.4,7.255596834282399
467,2000-06-21,10.343120787695472,79.28092721379221,9.960843697372807,0.009412921268466,,25,2000,,,,2000,6,25,27.1,-0.5,27.1,-0.5,9.412921268466
468,2000-06-28,11.517190124653958,81.0782246479413,12.296380744986038,0.0015872062579279,,26,2000,,,,2000,6,26,26.7,-0.8,26.7,-0.8,1.5872062579279
469,2000-07-05,13.070048353242544,80.82800019926721,14.220202992238171,0.00482978714875,,27,2000,,,,2000,7,27,26.7,-0.7,26.7,-0.7,4.8297871487499995
470,2000-07-12,11.446160723794586,77.51056914105195,11.895945848737483,0.0171572506605376,,28,2000,,,,2000,7,28,26.6,-0.7,26.6,-0.7,17.1572506605376
471,2000-07-19,6.113236348080389,68.0566935908694,5.479624412173337,0.0001662178012925,,29,2000,,,,2000,7,29,26.5,-0.7,26.5,-0.7,0.1662178012925
472,2000-07-26,7.788036060852439,62.66369963683801,10.499558190585844,0.0008728331631167,,30,2000,,,,2000,7,30,26.3,-0.8,26.3,-0.8,0.8728331631167
473,2000-08-02,10.108316891160207,65.39369534524147,13.867022411839514,0.0003536693594696,,31,2000,,,,2000,8,31,26.6,-0.5,26.6,-0.5,0.3536693594696
474,2000-08-09,13.977644541477456,77.76472931299679,16.087713768368644,0.0087721001839002,,32,2000,,,,2000,8,32,26.5,-0.5,26.5,-0.5,8.7721001839002
475,2000-08-16,9.777176255066472,71.7132323548007,11.316809227353076,0.0100139745911762,,33,2000,,,,2000,8,33,26.3,-0.5,26.3,-0.5,10.0139745911762
476,2000-08-23,15.03119600160341,67.97738158524743,19.42585067489523,0.0001637354602631,,34,2000,,,,2000,8,34,26.2,-0.6,26.2,-0.6,0.16373546026309999
477,2000-08-30,13.532118501512722,73.81986467264026,16.287283794896155,0.0129903516767966,,35,2000,,,,2000,8,35,26.3,-0.4,26.3,-0.4,12.9903516767966
478,2000-09-06,9.778856656082343,60.91200079621861,14.605049906620422,0.0007777607862716,,36,2000,,,,2000,9,36,26.2,-0.5,26.2,-0.5,0.7777607862716
479,2000-09-13,12.779856841405143,54.08780784455534,21.296525301252075,3.107874528041066e-05,,37,2000,,,,2000,9,37,26.0,-0.7,26.0,-0.7,0.031078745280410658
480,2000-09-20,10.328815601114718,63.80773072479186,14.35309103362414,0.0030678851346312,,38,2000,,,,2000,9,38,26.2,-0.5,26.2,-0.5,3.0678851346312
481,2000-09-27,10.38164231671615,49.27558721081142,18.605924004275774,0.0020169353030772,,39,2000,,,,2000,9,39,26.3,-0.4,26.3,-0.4,2.0169353030772
482,2000-10-04,11.7983262709385,43.53728126258565,22.9149859889024,9.992081866678452e-06,,40,2000,,,,2000,10,40,26.1,-0.6,26.1,-0.6,0.009992081866678451
483,2000-10-11,10.70929956714252,40.86799445742603,22.14540296801096,0.0005981288161187,,41,2000,,,,2000,10,41,26.1,-0.6,26.1,-0.6,0.5981288161187001
484,2000-10-18,16.726376559965217,65.03574309410222,22.0885394427242,0.0179331296381357,,42,2000,,,,2000,10,42,26.0,-0.7,26.0,-0.7,17.9331296381357
485,2000-10-25,18.725273401157157,68.16938491224342,23.10450771357739,0.0115006290021807,,43,2000,,,,2000,10,43,25.8,-1.0,25.8,-1.0,11.5006290021807
486,2000-11-01,16.69761474158484,71.69230003257749,20.450757845405008,0.0216729685847748,,44,2000,,,,2000,11,44,25.8,-1.0,25.8,-1.0,21.6729685847748
487,2000-11-08,18.09760159739876,73.64758939894827,21.26324912609704,0.0501904474637383,,45,2000,,,,2000,11,45,25.8,-0.9,25.8,-0.9,50.190447463738295
488,2000-11-15,19.10617416867571,84.2425313231218,19.488174952292923,0.0854333789315628,,46,2000,,,,2000,11,46,25.9,-0.8,25.9,-0.8,85.4333789315628
489,2000-11-22,15.091019799088452,69.49400092957039,18.743109847088306,0.0037053343741441,,47,2000,,,,2000,11,47,25.9,-0.8,25.9,-0.8,3.7053343741441
490,2000-11-29,20.63896107235286,75.0870887189047,22.94108090562889,0.0153764721252984,,48,2000,,,,2000,11,48,25.8,-0.9,25.8,-0.9,15.3764721252984
491,2000-12-06,19.37379823586488,82.85991994338501,20.18632932390489,0.0907111567398897,,49,2000,,,,2000,12,49,25.5,-1.1,25.5,-1.1,90.7111567398897
492,2000-12-13,21.76351345472404,76.8250648966153,23.286036466741223,0.0198284776436007,,50,2000,,,,2000,12,50,25.6,-1.0,25.6,-1.0,19.828477643600703
493,2000-12-20,20.848041634817484,75.11383019402807,23.13221182271741,0.034079610721806,,51,2000,,,,2000,12,51,25.5,-1.1,25.5,-1.1,34.079610721806
494,2000-12-27,20.756914131253097,74.74961163345746,23.077028710501565,0.0201874607461149,,52,2000,,,,2000,12,52,25.4,-1.1,25.4,-1.1,20.1874607461149
495,2001-01-03,21.75122350353598,71.0050527024324,24.78411357386585,0.0314629508494509,,1,2001,,,,2001,1,1,25.4,-1.1,25.4,-1.1,31.462950849450902
496,2001-01-10,23.968542393383498,71.74161613601719,26.37426351170961,0.0393002075211126,,2,2001,,,,2001,1,2,25.5,-1.0,25.5,-1.0,39.300207521112604
497,2001-01-17,18.04928056224249,66.64492592849541,22.62985960772249,0.0235891755703505,,3,2001,,,,2001,1,3,25.9,-0.6,25.9,-0.6,23.5891755703505
498,2001-01-24,22.502971784601534,82.77843170554675,22.727758986284925,0.0799146522365634,,4,2001,,,,2001,1,4,25.9,-0.6,25.9,-0.6,79.9146522365634
499,2001-01-31,23.679415275645244,81.81220016714106,23.671386752485432,0.0361203168115155,,5,2001,,,,2001,1,5,26.0,-0.5,26.0,-0.5,36.1203168115155
500,2001-02-07,24.20061085053965,87.80239991022988,22.82620691571924,0.1054179536522497,,6,2001,,,,2001,2,6,25.9,-0.7,25.9,-0.7,105.4179536522497
501,2001-02-14,25.35495233791,81.63252287316551,24.74957862646403,0.0877355430798176,,7,2001,,,,2001,2,7,26.0,-0.6,26.0,-0.6,87.7355430798176
502,2001-02-21,21.89679688526224,81.91646502962568,22.327365818153453,0.0400610378982345,,8,2001,,,,2001,2,8,26.2,-0.5,26.2,-0.5,40.0610378982345
503,2001-02-28,23.495521706170106,81.9320286213823,23.53446954740156,0.0405245361538715,,9,2001,,,,2001,2,9,26.5,-0.4,26.5,-0.4,40.5245361538715
504,2001-03-07,24.503606300139012,81.36049934006209,24.308788579824068,0.0275165273551221,,10,2001,,,,2001,3,10,26.7,-0.3,26.7,-0.3,27.5165273551221
505,2001-03-14,24.660194215356533,84.8573596993521,23.724727145344275,0.0514047699906267,,11,2001,,,,2001,3,11,26.8,-0.4,26.8,-0.4,51.404769990626704
506,2001-03-21,23.848775088507047,84.07705731707102,23.315492118783595,0.0671501591307967,,12,2001,,,,2001,3,12,26.9,-0.4,26.9,-0.4,67.1501591307967
507,2001-03-28,18.180780143907853,82.81064275700035,18.77521632447531,0.0329500360096355,,13,2001,,,,2001,3,13,27.0,-0.5,27.0,-0.5,32.950036009635504
508,2001-04-04,18.60344009882585,79.72938833974497,20.007604931163144,0.0196038062717483,,14,2001,,,,2001,4,14,27.1,-0.5,27.1,-0.5,19.603806271748297
509,2001-04-11,18.21591718253629,89.11130593380226,17.78233671642488,0.0509666319401814,,15,2001,,,,2001,4,15,27.2,-0.5,27.2,-0.5,50.9666319401814
510,2001-04-18,22.748638052736773,88.92044399491341,21.53725187600071,0.0508795204201583,,16,2001,,,,2001,4,16,27.4,-0.4,27.4,-0.4,50.8795204201583
511,2001-04-25,18.551488335700704,82.92401727950121,19.14476813232011,0.0159612863407038,,17,2001,,,,2001,4,17,27.2,-0.7,27.2,-0.7,15.9612863407038
512,2001-05-02,12.219846359480403,78.86001258857375,13.3632313293665,0.0055020037674842,,18,2001,,,,2001,5,18,27.2,-0.7,27.2,-0.7,5.502003767484201
513,2001-05-09,12.45265912842327,86.09091753450765,12.53203880673368,0.0090998867158508,,19,2001,,,,2001,5,19,27.4,-0.5,27.4,-0.5,9.0998867158508
514,2001-05-16,12.477567151987753,90.75028244495776,11.66537045589115,0.0300937261383101,,20,2001,,,,2001,5,20,27.5,-0.4,27.5,-0.4,30.0937261383101
515,2001-05-23,13.89537606079856,85.77343944773037,14.14627986830112,0.0087976051669182,,21,2001,,,,2001,5,21,27.4,-0.5,27.4,-0.5,8.7976051669182
516,2001-05-30,17.74283026415791,88.71853090058165,17.555794353874376,0.0117246483050296,,22,2001,,,,2001,5,22,27.5,-0.4,27.5,-0.4,11.7246483050296
517,2001-06-06,19.36942159546757,92.24480101830817,18.307985936379,0.0326073015362956,,23,2001,,,,2001,6,23,27.5,-0.3,27.5,-0.3,32.6073015362956
518,2001-06-13,18.18208222905395,88.6820112949485,17.913189279465485,0.0139955384379568,,24,2001,,,,2001,6,24,27.6,-0.1,27.6,-0.1,13.9955384379568
519,2001-06-20,12.014750724531924,77.39809570942936,12.090516247392545,0.0102331410714313,,25,2001,,,,2001,6,25,27.5,-0.1,27.5,-0.1,10.2331410714313
520,2001-06-27,7.489335113688779,67.7496296045697,8.679563530123971,0.001762604204105,,26,2001,,,,2001,6,26,27.5,0.0,27.5,0.0,1.7626042041049998
521,2001-07-04,10.940901669358343,70.6085090829087,13.601738373114188,0.0011954163773079,,27,2001,,,,2001,7,27,27.2,-0.2,27.2,-0.2,1.1954163773078998
522,2001-07-11,12.750134283193264,72.47618940153457,15.583934104037157,0.0037168822045257,,28,2001,,,,2001,7,28,27.1,-0.2,27.1,-0.2,3.7168822045257
523,2001-07-18,11.876731389618634,73.46441248750901,14.296419281213446,0.0019240436021001,,29,2001,,,,2001,7,29,27.3,0.0,27.3,0.0,1.9240436021001002
524,2001-07-25,12.186861931116187,71.03043589835099,15.124995116149478,0.0028101126260904,,30,2001,,,,2001,7,30,27.1,-0.0,27.1,-0.0,2.8101126260904
525,2001-08-01,8.526937210651184,65.93960946858564,11.059678585026576,0.001485574927569,,31,2001,,,,2001,8,31,27.1,0.0,27.1,0.0,1.485574927569
526,2001-08-08,14.584065926693002,68.57894415400567,18.55766264727328,0.0012429274144147,,32,2001,,,,2001,8,32,27.0,0.1,27.0,0.1,1.2429274144147
527,2001-08-15,13.416229078569687,64.60305019812563,18.231594184304583,0.0026375615169936,,33,2001,,,,2001,8,33,26.7,-0.1,26.7,-0.1,2.6375615169935998
528,2001-08-22,11.969164047818447,70.37071828683638,15.145846471981145,0.0108638309154578,,34,2001,,,,2001,8,34,26.7,-0.1,26.7,-0.1,10.8638309154578
529,2001-08-29,12.441012798268916,57.8685910692554,19.27090382219177,0.0003507212417456,,35,2001,,,,2001,8,35,26.3,-0.4,26.3,-0.4,0.3507212417456
530,2001-09-05,14.427781988101485,75.43496236363167,16.968557080119695,0.0250038567984606,,36,2001,,,,2001,9,36,26.5,-0.2,26.5,-0.2,25.0038567984606
531,2001-09-12,13.714663989847963,79.2922101680607,15.36575507598667,0.0127484550235829,,37,2001,,,,2001,9,37,26.5,-0.2,26.5,-0.2,12.7484550235829
532,2001-09-19,10.605630056811409,60.97561075168309,15.767173891651396,0.0010610371825414,,38,2001,,,,2001,9,38,26.5,-0.2,26.5,-0.2,1.0610371825414
533,2001-09-26,15.944180900658685,67.43157478823004,20.666051418278528,0.0188752229733266,,39,2001,,,,2001,9,39,26.6,-0.1,26.6,-0.1,18.8752229733266
534,2001-10-03,15.545868906829314,81.35035449830438,17.035334043438013,0.0272003164740292,,40,2001,,,,2001,10,40,26.4,-0.3,26.4,-0.3,27.2003164740292
535,2001-10-10,15.546930413841263,75.1292882474319,18.259879710398536,0.018926178508785,,41,2001,,,,2001,10,41,26.4,-0.3,26.4,-0.3,18.926178508785
536,2001-10-17,17.899994306214737,72.46940754686067,21.144532114145704,0.0284017319403864,,42,2001,,,,2001,10,42,26.4,-0.3,26.4,-0.3,28.4017319403864
537,2001-10-24,17.993728814136162,79.88784517677288,19.54479733421698,0.0258984764487024,,43,2001,,,,2001,10,43,26.5,-0.3,26.5,-0.3,25.898476448702397
538,2001-10-31,20.351537881909355,75.03015268758743,22.61644724891306,0.0208578953401991,,44,2001,,,,2001,10,44,26.7,-0.1,26.7,-0.1,20.8578953401991
539,2001-11-07,17.209880775562066,71.05213850008641,20.99318835978613,0.0336404248019286,,45,2001,,,,2001,11,45,26.5,-0.2,26.5,-0.2,33.6404248019286
540,2001-11-14,18.557374619680136,75.3042307378388,21.158114745989963,0.0116958838773939,,46,2001,,,,2001,11,46,26.2,-0.5,26.2,-0.5,11.6958838773939
541,2001-11-21,19.727673869005542,82.04059451626095,20.74431895041954,0.0601011533588525,,47,2001,,,,2001,11,47,26.1,-0.7,26.1,-0.7,60.1011533588525
542,2001-11-28,19.74973787002805,74.40531695818541,21.94387104527476,0.0373409325368113,,48,2001,,,,2001,11,48,26.1,-0.6,26.1,-0.6,37.340932536811295
543,2001-12-05,17.180053834111167,75.9491083555541,19.65134844617785,0.0447226418805988,,49,2001,,,,2001,12,49,26.1,-0.6,26.1,-0.6,44.7226418805988
544,2001-12-12,17.769003592506568,73.68672407459087,20.795879462624956,0.0307307757513609,,50,2001,,,,2001,12,50,25.9,-0.7,25.9,-0.7,30.7307757513609
545,2001-12-19,21.541884060445444,75.0198012830259,23.732667333901304,0.0195012710998671,,51,2001,,,,2001,12,51,26.1,-0.5,26.1,-0.5,19.5012710998671
546,2001-12-26,19.44272641969023,70.51571498362716,23.028337642124768,0.0286811079294904,,52,2001,,,,2001,12,52,26.1,-0.5,26.1,-0.5,28.6811079294904
547,2002-01-02,19.913012187539117,64.41844731618005,25.08591299770643,0.0173318022283979,,1,2002,,,,2002,1,1,26.2,-0.3,26.2,-0.3,17.3318022283979
548,2002-01-09,19.06589883720391,67.43615680048262,23.411582409605728,0.0151041533136339,,2,2002,,,,2002,1,2,26.2,-0.3,26.2,-0.3,15.104153313633901
549,2002-01-16,18.28318248146453,63.23059776042598,24.01659072305074,0.0236225222259349,,3,2002,,,,2002,1,3,26.4,-0.1,26.4,-0.1,23.622522225934897
550,2002-01-23,17.15832062364119,66.98836272282374,21.86340325024668,0.0184665378448356,,4,2002,,,,2002,1,4,26.3,-0.2,26.3,-0.2,18.4665378448356
551,2002-01-30,23.478933679919876,80.47583384311635,23.82034790402372,0.0404469089501325,,5,2002,,,,2002,1,5,26.5,0.0,26.5,0.0,40.446908950132496
552,2002-02-06,23.8322734091702,85.22911489414068,23.097540882655608,0.1109888111453081,,6,2002,,,,2002,2,6,26.8,0.2,26.8,0.2,110.9888111453081
553,2002-02-13,18.757762512117925,76.33042194222936,21.049415907567838,0.0206017802786472,,7,2002,,,,2002,2,7,26.8,0.1,26.8,0.1,20.601780278647198
554,2002-02-20,22.2215766889015,83.73615877428337,22.16658181690036,0.056623919108056,,8,2002,,,,2002,2,8,26.5,-0.3,26.5,-0.3,56.623919108056
555,2002-02-27,19.937295051626197,78.94493065979108,21.372777661174386,0.028988970218344,,9,2002,,,,2002,2,9,27.0,0.2,27.0,0.2,28.988970218343997
556,2002-03-06,23.299256609660727,86.46925314154441,22.284140017243544,0.0739614678960103,,10,2002,,,,2002,3,10,27.1,0.1,27.1,0.1,73.96146789601029
557,2002-03-13,24.86304043192844,84.30707625048169,23.930388659522634,0.1228752945335485,,11,2002,,,,2002,3,11,27.0,-0.2,27.0,-0.2,122.8752945335485
558,2002-03-20,24.93115996427079,84.94508213584739,23.83971435650676,0.0330876749225709,,12,2002,,,,2002,3,12,27.2,-0.1,27.2,-0.1,33.0876749225709
559,2002-03-27,21.990974866778163,84.61772628522331,21.758889186625595,0.0301930821940332,,13,2002,,,,2002,3,13,27.2,-0.3,27.2,-0.3,30.1930821940332
560,2002-04-03,19.28146903191906,85.10395701559365,19.087440732060657,0.0459043151561476,,14,2002,,,,2002,4,14,27.6,0.1,27.6,0.1,45.904315156147604
561,2002-04-10,22.962050335735388,88.20530544794464,21.776884112714868,0.0389710505674477,,15,2002,,,,2002,4,15,27.9,0.2,27.9,0.2,38.9710505674477
562,2002-04-17,18.08428830633425,89.52492608109387,17.39620485889668,0.0539090780646119,,16,2002,,,,2002,4,16,27.7,-0.0,27.7,-0.0,53.9090780646119
563,2002-04-24,16.298775987975663,84.08899802205659,17.12705258739237,0.0181328104654134,,17,2002,,,,2002,4,17,27.9,0.0,27.9,0.0,18.132810465413403
564,2002-05-01,16.073585078393087,84.90813937088149,16.7463740601832,0.0079263556643322,,18,2002,,,,2002,5,18,28.0,0.1,28.0,0.1,7.9263556643322
565,2002-05-08,16.651277768799705,88.1859835039812,16.670867032420915,0.0149808524530418,,19,2002,,,,2002,5,19,27.9,-0.0,27.9,-0.0,14.9808524530418
566,2002-05-15,18.69909182702091,85.69861176679272,18.849827430361813,0.0090437641751398,,20,2002,,,,2002,5,20,27.9,0.0,27.9,0.0,9.043764175139799
567,2002-05-22,17.00434069895449,88.6091744843258,16.58808515639538,0.0275317572120893,,21,2002,,,,2002,5,21,28.2,0.4,28.2,0.4,27.5317572120893
568,2002-05-29,15.703077127505416,85.91173293342372,15.932008815947086,0.0057578106486094,,22,2002,,,,2002,5,22,28.3,0.5,28.3,0.5,5.7578106486094
569,2002-06-05,13.93557792651662,86.09124590754935,14.15960049272394,0.0064654007546778,,23,2002,,,,2002,6,23,28.6,0.8,28.6,0.8,6.4654007546778
570,2002-06-12,13.424798567128532,83.91840657265534,13.992348205151188,0.0041934605231825,,24,2002,,,,2002,6,24,28.5,0.8,28.5,0.8,4.1934605231825
571,2002-06-19,9.46317872007947,75.99502511337062,10.333690910598875,0.0013121534455911,,25,2002,,,,2002,6,25,28.2,0.5,28.2,0.5,1.3121534455911
572,2002-06-26,9.482351771049862,75.35443068937728,10.53311943002302,0.0043618968910078,,26,2002,,,,2002,6,26,28.0,0.5,28.0,0.5,4.3618968910078
573,2002-07-03,11.74721242695277,82.42668295144321,12.205598631359294,0.011497585771339,,27,2002,,,,2002,7,27,27.9,0.4,27.9,0.4,11.497585771339
574,2002-07-10,9.411176587724404,79.52628172691425,9.68745525645562,0.0063624048112893,,28,2002,,,,2002,7,28,27.9,0.5,27.9,0.5,6.3624048112893
575,2002-07-17,11.309121619213869,76.25317232875406,13.153202194421452,0.0021386295498407,,29,2002,,,,2002,7,29,28.0,0.7,28.0,0.7,2.1386295498407
576,2002-07-24,14.49190717214559,80.28487066562853,16.167571899517895,0.0070061241156003,,30,2002,,,,2002,7,30,27.8,0.6,27.8,0.6,7.0061241156003
577,2002-07-31,9.394586905025555,62.27610220457327,13.312175823393376,0.0026417803716672,,31,2002,,,,2002,7,31,27.8,0.8,27.8,0.8,2.6417803716672
578,2002-08-07,9.109186016069486,66.25941133614836,11.9076268799451,0.0034674772710217,,32,2002,,,,2002,8,32,27.7,0.7,27.7,0.7,3.4674772710217
579,2002-08-14,14.012538546256874,69.35821183487987,18.142250561876324,0.0026558941530992,,33,2002,,,,2002,8,33,27.5,0.6,27.5,0.6,2.6558941530992004
580,2002-08-21,14.13352122306293,66.41022533129137,18.91880317739896,0.0039195942257919,,34,2002,,,,2002,8,34,27.4,0.7,27.4,0.7,3.9195942257919003
581,2002-08-28,13.430634533592896,57.163049645165486,20.16006366703789,0.0001278686920857,,35,2002,,,,2002,8,35,27.5,0.8,27.5,0.8,0.1278686920857
582,2002-09-04,9.021084601344484,50.763399799847,16.390567138568088,0.0002970549310816,,36,2002,,,,2002,9,36,27.3,0.6,27.3,0.6,0.29705493108159997
583,2002-09-11,9.96344082189094,52.26737830105048,17.41355272669375,0.0010432609444624,,37,2002,,,,2002,9,37,27.5,0.8,27.5,0.8,1.0432609444624001
584,2002-09-18,15.449116646485397,68.21742928261831,20.116737931439676,0.0093815009504899,,38,2002,,,,2002,9,38,27.7,1.0,27.7,1.0,9.3815009504899
585,2002-09-25,10.51150681671854,50.09894997822375,18.417915209296662,0.0022902401006394,,39,2002,,,,2002,9,39,27.8,1.1,27.8,1.1,2.2902401006393998
586,2002-10-02,12.680979468635307,47.22175609882422,23.213911881738795,6.898473055981315e-05,,40,2002,,,,2002,10,40,27.9,1.2,27.9,1.2,0.06898473055981315
587,2002-10-09,17.67775353122746,54.14045648068031,26.637913925793782,0.0027798361221584,,41,2002,,,,2002,10,41,27.6,0.9,27.6,0.9,2.7798361221584003
588,2002-10-16,20.822742576753697,65.6128188275801,25.90221298113977,0.029155481469851,,42,2002,,,,2002,10,42,27.6,0.8,27.6,0.8,29.155481469850997
589,2002-10-23,15.154750896975797,63.42384540144383,20.47556899972517,0.0182244941589715,,43,2002,,,,2002,10,43,27.8,1.1,27.8,1.1,18.2244941589715
590,2002-10-30,15.863242346061442,57.575952336232106,23.394461373569243,0.0340881100719069,,44,2002,,,,2002,10,44,28.1,1.4,28.1,1.4,34.088110071906904
591,2002-11-06,14.375286248822716,63.17706221517352,19.59771555426988,0.0017790659831986,,45,2002,,,,2002,11,45,27.9,1.2,27.9,1.2,1.7790659831986
592,2002-11-13,13.217055914602724,54.67073854567894,20.96908873733213,0.0016074719824829,,46,2002,,,,2002,11,46,28.0,1.3,28.0,1.3,1.6074719824829
593,2002-11-20,18.12134060097324,53.84628283250258,26.899282203726216,0.0021830490235531,,47,2002,,,,2002,11,47,28.0,1.3,28.0,1.3,2.1830490235531
594,2002-11-27,22.961777883005517,77.16181101515473,24.39718152519805,0.0501315657576485,,48,2002,,,,2002,11,48,28.1,1.4,28.1,1.4,50.1315657576485
595,2002-12-04,20.515060805029396,79.86601566498692,21.614035646607302,0.0398619454569743,,49,2002,,,,2002,12,49,28.0,1.3,28.0,1.3,39.861945456974304
596,2002-12-11,21.685369475702405,87.92880841796816,20.9039108328268,0.0996208396273508,,50,2002,,,,2002,12,50,28.0,1.3,28.0,1.3,99.6208396273508
597,2002-12-18,21.21787512295864,80.39849322253471,22.07663405801162,0.0382663646703105,,51,2002,,,,2002,12,51,27.9,1.3,27.9,1.3,38.2663646703105
598,2002-12-25,21.756161627988604,81.8119652472846,22.07555647090993,0.0523463637878275,,52,2002,,,,2002,12,52,27.9,1.3,27.9,1.3,52.3463637878275
599,2003-01-01,23.015602387942245,77.05819756483952,24.188577296458163,0.0295094502876673,,1,2003,,,,2003,1,1,27.8,1.2,27.8,1.2,29.5094502876673
600,2003-01-08,23.551212912098773,85.79156937917078,22.781477202850112,0.0758760362859902,,2,2003,,,,2003,1,2,27.6,1.2,27.6,1.2,75.8760362859902
601,2003-01-15,24.33498019663657,82.44937765798329,24.010595368365895,0.0527641875751052,,3,2003,,,,2003,1,3,27.4,0.9,27.4,0.9,52.7641875751052
602,2003-01-22,25.102699102115054,84.72865117925103,24.02423903536635,0.0661342177768458,,4,2003,,,,2003,1,4,27.3,0.8,27.3,0.8,66.1342177768458
603,2003-01-29,21.314405989551656,79.29646014626171,22.451583519760447,0.0357902801832794,,5,2003,,,,2003,1,5,27.1,0.6,27.1,0.6,35.7902801832794
604,2003-02-05,22.41865772741232,67.95858163299226,26.175301747743845,0.003318082203521,,6,2003,,,,2003,2,6,26.9,0.3,26.9,0.3,3.318082203521
605,2003-02-12,24.03917077472116,76.06101061731722,25.27931682560728,0.0282402404477173,,7,2003,,,,2003,2,7,27.3,0.7,27.3,0.7,28.2402404477173
606,2003-02-19,20.68314527792105,80.90737884394927,21.41920119045551,0.0510412573924118,,8,2003,,,,2003,2,8,27.6,0.9,27.6,0.9,51.041257392411794
607,2003-02-26,16.349061249751085,70.662752454007,19.55513433339649,0.0088088825607022,,9,2003,,,,2003,2,9,27.7,0.8,27.7,0.8,8.8088825607022
608,2003-03-05,23.58495374285942,77.08013487194543,24.756030577056208,0.0235375237766431,,10,2003,,,,2003,3,10,27.7,0.7,27.7,0.7,23.537523776643102
609,2003-03-12,22.46265387905215,81.55012627919774,22.85345204152213,0.084523336365214,,11,2003,,,,2003,3,11,27.6,0.5,27.6,0.5,84.523336365214
610,2003-03-19,22.30862621483415,88.90421012229976,21.218041213677907,0.0538256667197012,,12,2003,,,,2003,3,12,27.8,0.5,27.8,0.5,53.8256667197012
611,2003-03-26,19.840515081532555,82.90160976477338,20.47056645244157,0.0190217340032177,,13,2003,,,,2003,3,13,27.8,0.3,27.8,0.3,19.0217340032177
612,2003-04-02,20.81164855155963,82.44636977488054,21.19920964922227,0.054907876991105,,14,2003,,,,2003,4,14,27.5,-0.1,27.5,-0.1,54.907876991105
613,2003-04-09,16.46919669987891,84.7256885051715,17.130919911910098,0.0157605912741044,,15,2003,,,,2003,4,15,27.6,-0.1,27.6,-0.1,15.7605912741044
614,2003-04-16,17.5366134653789,84.68788112713136,18.162769507064297,0.0301366606597314,,16,2003,,,,2003,4,16,27.8,0.0,27.8,0.0,30.1366606597314
615,2003-04-23,15.880726955601844,77.84132958817973,17.83156637075001,0.0145872227913628,,17,2003,,,,2003,4,17,27.6,-0.2,27.6,-0.2,14.5872227913628
616,2003-04-30,21.91758728868925,87.34766357691704,21.230560764650136,0.0494657271526729,,18,2003,,,,2003,4,18,27.6,-0.3,27.6,-0.3,49.465727152672905
617,2003-05-07,15.750569326516384,82.86556774235491,16.645613671646686,0.0162421759365786,,19,2003,,,,2003,5,19,27.3,-0.6,27.3,-0.6,16.2421759365786
618,2003-05-14,14.339248446513649,74.36662970323201,16.793947370360513,0.0043190521850482,,20,2003,,,,2003,5,20,27.1,-0.7,27.1,-0.7,4.3190521850482
619,2003-05-21,17.875969331355538,89.14334433809302,17.304938110040155,0.0387051959523887,,21,2003,,,,2003,5,21,27.1,-0.8,27.1,-0.8,38.7051959523887
620,2003-05-28,15.292535812803674,81.93187029312486,16.579962965258176,0.0060847071516327,,22,2003,,,,2003,5,22,27.3,-0.6,27.3,-0.6,6.0847071516327
621,2003-06-04,16.806393010142198,81.48349953620678,17.9345805057863,0.0106967819001932,,23,2003,,,,2003,6,23,27.1,-0.6,27.1,-0.6,10.6967819001932
622,2003-06-11,11.486994770413656,81.23943557998817,12.253508621008224,0.0072969458961128,,24,2003,,,,2003,6,24,27.3,-0.4,27.3,-0.4,7.2969458961128
623,2003-06-18,15.959827257099576,87.34423069681922,16.2331202708134,0.0101064230192702,,25,2003,,,,2003,6,25,27.4,-0.2,27.4,-0.2,10.1064230192702
624,2003-06-25,16.296297285744192,82.37288924081096,17.5511533724208,0.0035728089451966,,26,2003,,,,2003,6,26,27.4,-0.2,27.4,-0.2,3.5728089451966
625,2003-07-02,19.172331522462127,86.55431498830954,19.252330671037956,0.0170181431133268,,27,2003,,,,2003,7,27,27.5,0.0,27.5,0.0,17.018143113326797
626,2003-07-09,15.890811131926233,83.93853239965705,16.74354080407801,0.0184751440238198,,28,2003,,,,2003,7,28,27.3,-0.0,27.3,-0.0,18.475144023819798
627,2003-07-16,7.41188837344813,61.91211692888873,9.786215692636915,0.0002385464842618,,29,2003,,,,2003,7,29,27.2,-0.0,27.2,-0.0,0.2385464842618
628,2003-07-23,9.641010903712877,61.70852422297657,13.580677377610016,0.0001573792022969,,30,2003,,,,2003,7,30,27.2,0.1,27.2,0.1,0.1573792022969
629,2003-07-30,9.150768807235332,70.28137054020273,11.026028958794257,0.0010657773893519,,31,2003,,,,2003,7,31,27.2,0.1,27.2,0.1,1.0657773893519
630,2003-08-06,13.424702965404308,75.69136209840578,15.804944883074086,0.0046770537057341,,32,2003,,,,2003,8,32,27.0,0.0,27.0,0.0,4.6770537057341
631,2003-08-13,8.382966576238985,58.651958746335154,12.853746370069077,0.0049197022537279,,33,2003,,,,2003,8,33,27.0,0.1,27.0,0.1,4.9197022537279
632,2003-08-20,11.191717631490144,59.071095704727085,17.335853947749797,0.0010882021850225,,34,2003,,,,2003,8,34,26.7,-0.1,26.7,-0.1,1.0882021850225
633,2003-08-27,9.905723652176944,55.00710936302424,15.83325004058628,0.0021812577193729,,35,2003,,,,2003,8,35,26.7,-0.0,26.7,-0.0,2.1812577193729
634,2003-09-03,7.548405379480205,56.01394707012518,11.964762701955806,0.0025646492531896,,36,2003,,,,2003,9,36,27.0,0.3,27.0,0.3,2.5646492531896
635,2003-09-10,12.307200428725892,55.614022372083326,19.34026482770236,0.0048017276933737,,37,2003,,,,2003,9,37,26.9,0.2,26.9,0.2,4.8017276933737
636,2003-09-17,6.682006228356178,40.85583117576736,15.2638607751756,0.0004146120358962,,38,2003,,,,2003,9,38,26.7,0.0,26.7,0.0,0.4146120358962
637,2003-09-24,12.419351125009054,47.56057932833952,22.95151245480497,0.0002066415934091,,39,2003,,,,2003,9,39,26.9,0.3,26.9,0.3,0.2066415934091
638,2003-10-01,12.803649351117226,55.62607761572299,20.21632375652291,0.0045816479886115,,40,2003,,,,2003,10,40,27.2,0.5,27.2,0.5,4.5816479886115005
639,2003-10-08,17.903671418233763,66.18425279469064,22.890208582975447,0.0144117503523507,,41,2003,,,,2003,10,41,27.4,0.7,27.4,0.7,14.4117503523507
640,2003-10-15,14.145182978263009,61.99834264412016,20.20678091503322,0.0084612647134737,,42,2003,,,,2003,10,42,27.0,0.2,27.0,0.2,8.4612647134737
641,2003-10-22,13.327990846312842,43.56316883355682,25.516042301930558,0.0011759216321739,,43,2003,,,,2003,10,43,27.0,0.3,27.0,0.3,1.1759216321738999
642,2003-10-29,19.407384097366627,77.90930327026832,21.440337818171717,0.0539126613635078,,44,2003,,,,2003,10,44,27.1,0.3,27.1,0.3,53.9126613635078
643,2003-11-05,13.271771618406948,61.18297119549078,18.82744359126707,0.0100418805324368,,45,2003,,,,2003,11,45,27.0,0.2,27.0,0.2,10.041880532436801
644,2003-11-12,15.921481682732136,50.30976692318544,25.790866314634968,0.0003106684981162,,46,2003,,,,2003,11,46,26.8,0.0,26.8,0.0,0.31066849811619995
645,2003-11-19,13.838501573780611,44.64542766723629,25.799890811427133,0.005087375793986,,47,2003,,,,2003,11,47,27.0,0.2,27.0,0.2,5.087375793986
646,2003-11-26,13.985890073406951,40.72571232911998,27.749227933818812,0.000726129540268,,48,2003,,,,2003,11,48,27.1,0.4,27.1,0.4,0.726129540268
647,2003-12-03,21.67874130686005,73.17503697723461,24.329014221502803,0.0422826845024246,,49,2003,,,,2003,12,49,27.1,0.4,27.1,0.4,42.2826845024246
648,2003-12-10,20.65656749085973,76.28883498318523,22.5960969159392,0.0610137660370924,,50,2003,,,,2003,12,50,27.0,0.4,27.0,0.4,61.0137660370924
649,2003-12-17,20.38483710742868,75.05569496458959,22.754622668311757,0.0579925376911464,,51,2003,,,,2003,12,51,26.9,0.3,26.9,0.3,57.9925376911464
650,2003-12-24,19.801227835995157,75.23092977393267,21.992436176741197,0.0303664807758958,,52,2003,,,,2003,12,52,26.7,0.2,26.7,0.2,30.366480775895802
651,2003-12-31,20.57101652644143,78.32357251991631,21.797044593136377,0.0519620202427566,,1,2003,,,,2003,12,1,26.8,0.3,26.8,0.3,51.962020242756594
652,2004-01-07,21.831080903093035,81.32819163153775,22.376507708491147,0.0354702893019651,,2,2004,,,,2004,1,2,26.4,-0.1,26.4,-0.1,35.4702893019651
653,2004-01-14,24.39617913891392,84.62788591243469,23.6158624843676,0.0999213329209689,,3,2004,,,,2004,1,3,26.7,0.3,26.7,0.3,99.9213329209689
654,2004-01-21,20.451186530557766,76.41395217194726,22.50162313552136,0.0180540795223009,,4,2004,,,,2004,1,4,26.8,0.3,26.8,0.3,18.054079522300903
655,2004-01-28,22.271921227023853,75.57845311735046,24.1416428183212,0.0316964201632151,,5,2004,,,,2004,1,5,26.9,0.5,26.9,0.5,31.696420163215098
656,2004-02-04,22.999311402717197,71.5583181049854,25.590968483645952,0.0158909371747572,,6,2004,,,,2004,2,6,26.9,0.3,26.9,0.3,15.8909371747572
657,2004-02-11,21.28324543072643,82.72367099067556,21.65532073974612,0.0509419572037082,,7,2004,,,,2004,2,7,26.9,0.3,26.9,0.3,50.9419572037082
658,2004-02-18,22.8812443761646,82.48310992308036,22.928560939451472,0.0565270553737247,,8,2004,,,,2004,2,8,26.8,0.1,26.8,0.1,56.5270553737247
659,2004-02-25,17.768026421994712,77.09843665246967,19.901011896457877,0.0426806214817929,,9,2004,,,,2004,2,9,26.8,-0.1,26.8,-0.1,42.6806214817929
660,2004-03-03,21.0522146073742,70.32497351221585,24.349088365204523,0.0065854659978786,,10,2004,,,,2004,3,10,26.9,-0.1,26.9,-0.1,6.585465997878599
661,2004-03-10,19.37165412675389,75.16468759647114,21.78769592492762,0.037237842816158,,11,2004,,,,2004,3,11,26.8,-0.2,26.8,-0.2,37.237842816158
662,2004-03-17,22.17944607459319,86.76583045339422,21.53982722483533,0.03795792481098,,12,2004,,,,2004,3,12,27.1,-0.1,27.1,-0.1,37.95792481098
663,2004-03-24,21.1602343215986,86.81354353633058,20.70918627628663,0.0454331654268018,,13,2004,,,,2004,3,13,27.0,-0.4,27.0,-0.4,45.4331654268018
664,2004-03-31,21.320383943427505,78.95053652103397,22.4551302410307,0.0067459426639727,,14,2004,,,,2004,3,14,27.3,-0.2,27.3,-0.2,6.7459426639727
665,2004-04-07,24.646888727216947,85.44836328849529,23.544544837588376,0.0288204600799986,,15,2004,,,,2004,4,15,27.7,0.0,27.7,0.0,28.8204600799986
666,2004-04-14,23.465661422705068,88.15009136314768,22.22078243696774,0.0549330155750032,,16,2004,,,,2004,4,16,27.8,0.0,27.8,0.0,54.933015575003196
667,2004-04-21,18.8769033967925,85.90853178176515,18.938068657180903,0.0252430853043362,,17,2004,,,,2004,4,17,27.8,-0.1,27.8,-0.1,25.2430853043362
668,2004-04-28,14.2724051088843,82.94820740750023,15.039265659877287,0.0133689501453869,,18,2004,,,,2004,4,18,27.8,-0.0,27.8,-0.0,13.368950145386899
669,2004-05-05,14.185123531278135,80.3520354185217,15.594839570960232,0.0113993391075055,,19,2004,,,,2004,5,19,27.8,-0.1,27.8,-0.1,11.3993391075055
670,2004-05-12,11.892393509253704,75.37002408008964,13.850482585154452,0.002687815469991,,20,2004,,,,2004,5,20,27.8,-0.1,27.8,-0.1,2.6878154699910004
671,2004-05-19,11.562796423724455,81.58323370770914,12.08005438824091,0.0171522395680945,,21,2004,,,,2004,5,21,28.1,0.2,28.1,0.2,17.1522395680945
672,2004-05-26,10.656164148553044,85.3848135919654,10.256864763117164,0.0180476386551034,,22,2004,,,,2004,5,22,28.1,0.2,28.1,0.2,18.0476386551034
673,2004-06-02,9.722780124508564,71.45622802362531,11.729680049662704,0.0009941993996821,,23,2004,,,,2004,6,23,28.0,0.2,28.0,0.2,0.9941993996821
674,2004-06-09,11.234180002694712,79.23335308633713,12.38842129350519,0.0043460258295045,,24,2004,,,,2004,6,24,28.0,0.2,28.0,0.2,4.3460258295045
675,2004-06-16,8.559320093048782,68.44077225099872,10.306969176830876,0.0022068694980867,,25,2004,,,,2004,6,25,27.7,0.0,27.7,0.0,2.2068694980867
676,2004-06-23,14.013583244999229,78.32936475855426,15.854897124102363,0.0036298650240154,,26,2004,,,,2004,6,26,27.4,-0.2,27.4,-0.2,3.6298650240154
677,2004-06-30,14.354754649710022,84.27182627977506,15.152279206360332,0.0034957523538763,,27,2004,,,,2004,6,27,27.3,-0.2,27.3,-0.2,3.4957523538763002
678,2004-07-07,14.931543362141204,81.38462164788609,16.25608478727804,0.0063906266119145,,28,2004,,,,2004,7,28,27.7,0.3,27.7,0.3,6.3906266119145
679,2004-07-14,8.989798248271095,61.75401418473784,12.502788616362068,0.0014483948280761,,29,2004,,,,2004,7,29,27.8,0.5,27.8,0.5,1.4483948280761
680,2004-07-21,9.192926134909266,68.40249022516122,11.433386790995712,0.0039888472073,,30,2004,,,,2004,7,30,27.8,0.6,27.8,0.6,3.9888472073
681,2004-07-28,16.186281959683267,86.21153353785682,16.564421408517035,0.0130860643725456,,31,2004,,,,2004,7,31,27.9,0.8,27.9,0.8,13.0860643725456
682,2004-08-04,9.569586233509566,63.62248401101945,13.017834171632558,0.0022058631096959,,32,2004,,,,2004,8,32,27.7,0.7,27.7,0.7,2.2058631096959003
683,2004-08-11,10.466232438948548,70.9422955761259,12.60534775143583,0.0086783404859827,,33,2004,,,,2004,8,33,27.5,0.6,27.5,0.6,8.6783404859827
684,2004-08-18,14.05256582675357,68.71069358767159,18.132383899299494,0.0053558475263914,,34,2004,,,,2004,8,34,27.3,0.5,27.3,0.5,5.3558475263914
685,2004-08-25,9.572714270568657,73.78828264618137,11.166455918915403,0.0070502186056014,,35,2004,,,,2004,8,35,27.4,0.7,27.4,0.7,7.0502186056014
686,2004-09-01,12.842557950955245,59.8880103906763,19.382323707528656,0.0003714115581229,,36,2004,,,,2004,9,36,27.6,0.9,27.6,0.9,0.3714115581229
687,2004-09-08,15.900775034651652,52.60252469505957,25.201663797080077,3.986135763105787e-05,,37,2004,,,,2004,9,37,27.4,0.8,27.4,0.8,0.039861357631057866
688,2004-09-15,9.115642431848416,56.817732105534944,14.549919875787223,0.0084689977309305,,38,2004,,,,2004,9,38,27.2,0.6,27.2,0.6,8.4689977309305
689,2004-09-22,10.670893642372192,45.70934125231441,20.64291753704049,6.128021399121053e-05,,39,2004,,,,2004,9,39,27.4,0.7,27.4,0.7,0.06128021399121053
690,2004-09-29,13.823665275849343,53.216892219570575,22.16022090003605,0.0072737621408138,,40,2004,,,,2004,9,40,27.3,0.6,27.3,0.6,7.2737621408138
691,2004-10-06,16.822082540021544,74.14721063825667,19.96580951197626,0.0364671352973248,,41,2004,,,,2004,10,41,27.2,0.4,27.2,0.4,36.4671352973248
692,2004-10-13,15.87165151769369,57.579296098862514,23.38959705067333,0.0003318347770705,,42,2004,,,,2004,10,42,27.2,0.5,27.2,0.5,0.3318347770705
693,2004-10-20,14.11415463667091,59.60632919448893,21.04106488649535,0.0238692145751429,,43,2004,,,,2004,10,43,27.5,0.7,27.5,0.7,23.869214575142898
694,2004-10-27,14.79067629122548,62.03364805225425,21.043060453246312,0.0103828141538215,,44,2004,,,,2004,10,44,27.5,0.8,27.5,0.8,10.3828141538215
695,2004-11-03,16.884834405906684,61.12500664911139,23.3453735896519,0.0045533345355513,,45,2004,,,,2004,11,45,27.4,0.6,27.4,0.6,4.553334535551301
696,2004-11-10,13.920176783154634,52.27389455821383,22.315619392135545,0.0163027703927777,,46,2004,,,,2004,11,46,27.4,0.6,27.4,0.6,16.3027703927777
697,2004-11-17,16.447366405216336,73.45601402378139,19.43406120092692,0.0237572622418333,,47,2004,,,,2004,11,47,27.4,0.7,27.4,0.7,23.757262241833303
698,2004-11-24,17.205951261015116,70.8045802557913,21.35832629041613,0.0187565954664152,,48,2004,,,,2004,11,48,27.3,0.6,27.3,0.6,18.7565954664152
699,2004-12-01,20.712178019489546,73.98175571496121,23.328654394344422,0.0758990456090974,,49,2004,,,,2004,12,49,27.2,0.5,27.2,0.5,75.8990456090974
700,2004-12-08,21.007315086707063,69.48925734491235,24.703208580795604,0.0101357441382608,,50,2004,,,,2004,12,50,27.4,0.7,27.4,0.7,10.135744138260801
701,2004-12-15,22.354650193399483,83.0199456424949,22.46694369672917,0.0647423318449763,,51,2004,,,,2004,12,51,27.2,0.6,27.2,0.6,64.74233184497629
702,2004-12-22,22.51420607536632,82.36697796858006,22.794890988927307,0.0633766607497331,,52,2004,,,,2004,12,52,27.1,0.6,27.1,0.6,63.3766607497331
703,2004-12-29,20.41325060120152,79.94747803950514,21.6316851090412,0.0408174142101042,,53,2004,,,,2004,12,53,27.1,0.6,27.1,0.6,40.817414210104204
704,2005-01-05,23.04645419033849,79.23691865677277,23.89422395407752,0.0360661748347718,,1,2005,,,,2005,1,1,27.1,0.6,27.1,0.6,36.0661748347718
705,2005-01-12,22.750135653964627,64.40170449091192,27.53875683894779,0.0204796741533722,,2,2005,,,,2005,1,2,27.2,0.7,27.2,0.7,20.4796741533722
706,2005-01-19,21.230281892807643,67.71009059375938,25.219518448706424,0.0228500926123079,,3,2005,,,,2005,1,3,27.1,0.7,27.1,0.7,22.8500926123079
707,2005-01-26,19.636102639402143,66.83434787507166,24.289660740547447,0.0310614428121885,,4,2005,,,,2005,1,4,27.1,0.6,27.1,0.6,31.0614428121885
708,2005-02-02,17.452394620211344,65.96134493292666,22.21220096406489,0.010920586848897,,5,2005,,,,2005,2,5,26.8,0.3,26.8,0.3,10.920586848897
709,2005-02-09,17.37055396927359,64.5845297878416,22.38458787308258,0.0099499693816856,,6,2005,,,,2005,2,6,27.0,0.4,27.0,0.4,9.9499693816856
710,2005-02-16,21.76533219639035,76.37254050364052,23.56133739445488,0.0374158698530534,,7,2005,,,,2005,2,7,27.0,0.3,27.0,0.3,37.4158698530534
711,2005-02-23,22.132264781776755,72.70028447215752,24.784854792899864,0.0340868529277794,,8,2005,,,,2005,2,8,26.9,0.1,26.9,0.1,34.086852927779404
712,2005-03-02,23.21529416701521,84.8889374959397,22.722881195172192,0.0914114522893392,,9,2005,,,,2005,3,9,26.9,-0.0,26.9,-0.0,91.4114522893392
713,2005-03-09,22.923388557681815,79.65219451228808,23.57396431488246,0.0161342376042544,,10,2005,,,,2005,3,10,27.3,0.2,27.3,0.2,16.1342376042544
714,2005-03-16,19.528182262055736,79.45321019665363,20.94624046533295,0.0330603146276042,,11,2005,,,,2005,3,11,27.5,0.3,27.5,0.3,33.0603146276042
715,2005-03-23,20.91924981335906,83.3980880737156,21.16044809510112,0.070888207297092,,12,2005,,,,2005,3,12,27.6,0.2,27.6,0.2,70.888207297092
716,2005-03-30,19.95531601565965,83.31573964119734,20.265887261734576,0.0260954846572159,,13,2005,,,,2005,3,13,27.9,0.4,27.9,0.4,26.0954846572159
717,2005-04-06,17.74668242566359,84.12220969798868,18.14136290517797,0.0382715212666409,,14,2005,,,,2005,4,14,27.7,0.1,27.7,0.1,38.2715212666409
718,2005-04-13,20.610932612656303,86.56292614109043,20.30140740011825,0.0203683679578635,,15,2005,,,,2005,4,15,27.7,-0.0,27.7,-0.0,20.368367957863498
719,2005-04-20,16.670478975607097,83.05546224955917,17.490708066979266,0.0166934617926831,,16,2005,,,,2005,4,16,28.0,0.2,28.0,0.2,16.6934617926831
720,2005-04-27,16.393859326433493,84.83101785712984,16.22633670106228,0.0569946346434692,,17,2005,,,,2005,4,17,28.3,0.4,28.3,0.4,56.9946346434692
721,2005-05-04,13.444247850584278,79.35538031260293,14.892577535927671,0.0022899235997831,,18,2005,,,,2005,5,18,28.1,0.2,28.1,0.2,2.2899235997831
722,2005-05-11,14.91988631763985,82.63102024074892,15.867190050916632,0.0193706434734508,,19,2005,,,,2005,5,19,28.2,0.3,28.2,0.3,19.370643473450798
723,2005-05-18,16.331892111942658,84.99583240594329,16.81129410931851,0.017878391495466,,20,2005,,,,2005,5,20,28.0,0.2,28.0,0.2,17.878391495465998
724,2005-05-25,12.947963846074078,78.76230946077368,14.442149072763868,0.0077225149824324,,21,2005,,,,2005,5,21,28.0,0.2,28.0,0.2,7.7225149824324
725,2005-06-01,15.09752126600811,79.25786797252918,16.737188697347847,0.0050951609997552,,22,2005,,,,2005,6,22,27.9,0.1,27.9,0.1,5.0951609997552
726,2005-06-08,19.002394433508247,87.83778140535728,18.845354425339508,0.0197150509268096,,23,2005,,,,2005,6,23,28.0,0.3,28.0,0.3,19.7150509268096
727,2005-06-15,15.826861494945414,83.76468134470346,16.631137401554895,0.0134702384627891,,24,2005,,,,2005,6,24,27.9,0.3,27.9,0.3,13.4702384627891
728,2005-06-22,11.623763557490014,84.8796542777826,11.74892288778915,0.0100343181426606,,25,2005,,,,2005,6,25,27.8,0.2,27.8,0.2,10.0343181426606
729,2005-06-29,12.92599998819842,82.55278452980278,13.88347690089222,0.0032089743594398,,26,2005,,,,2005,6,26,27.7,0.2,27.7,0.2,3.2089743594397997
730,2005-07-06,16.551481713374663,84.49048199710516,17.055289840698265,0.0128165247095434,,27,2005,,,,2005,7,27,27.6,0.2,27.6,0.2,12.816524709543401
731,2005-07-13,10.59375120842252,73.50253446247166,12.428314761726256,0.0025388496073221,,28,2005,,,,2005,7,28,27.4,0.1,27.4,0.1,2.5388496073221
732,2005-07-20,10.30720355249787,73.82014970319055,11.6753386880265,0.0107630939322948,,29,2005,,,,2005,7,29,27.3,0.1,27.3,0.1,10.7630939322948
733,2005-07-27,7.016375114269305,59.759684013354544,9.888141458212942,0.0002107431508646,,30,2005,,,,2005,7,30,27.0,-0.1,27.0,-0.1,0.2107431508646
734,2005-08-03,12.749567782707352,61.406438981234295,18.02258808888547,6.189750677216515e-06,,31,2005,,,,2005,8,31,26.9,-0.1,26.9,-0.1,0.0061897506772165154
735,2005-08-10,12.725007385682911,64.25384179468546,16.709880200859686,0.0047345369909455,,32,2005,,,,2005,8,32,27.0,0.1,27.0,0.1,4.7345369909455
736,2005-08-17,9.650255210770151,54.14855932230635,15.942281497254667,1.3842651723296382e-05,,33,2005,,,,2005,8,33,26.9,0.1,26.9,0.1,0.013842651723296382
737,2005-08-24,12.63977891152163,60.886176958713286,18.60929034486111,0.0038038263118761,,34,2005,,,,2005,8,34,26.8,0.1,26.8,0.1,3.8038263118761
738,2005-08-31,11.00909236291471,59.114973879030906,17.317077488801942,0.0052944823838514,,35,2005,,,,2005,8,35,26.8,0.0,26.8,0.0,5.2944823838514
739,2005-09-07,7.3783745871511695,56.817019952938885,11.55638650128634,0.0070143757705604,,36,2005,,,,2005,9,36,26.4,-0.3,26.4,-0.3,7.0143757705604
740,2005-09-14,9.052166594456017,52.70773219621697,14.871952453924678,0.0013246517103781,,37,2005,,,,2005,9,37,26.5,-0.2,26.5,-0.2,1.3246517103781
741,2005-09-21,7.820684289051815,52.48468500173537,13.889191252520334,0.0005902301105119,,38,2005,,,,2005,9,38,26.8,0.1,26.8,0.1,0.5902301105119
742,2005-09-28,11.858276686786006,60.40882297687687,18.097878755841972,0.014795675912819,,39,2005,,,,2005,9,39,26.7,-0.0,26.7,-0.0,14.795675912819
743,2005-10-05,11.570097323613323,49.48841713681796,20.679895110357396,0.0012485551674623,,40,2005,,,,2005,10,40,26.7,-0.0,26.7,-0.0,1.2485551674623
744,2005-10-12,11.596217346135042,56.45224914792125,18.846445363881685,0.0022017749830638,,41,2005,,,,2005,10,41,26.7,-0.0,26.7,-0.0,2.2017749830638
745,2005-10-19,13.13542553704478,49.40584470424475,23.03551336015977,0.0027743922407239,,42,2005,,,,2005,10,42,26.7,-0.0,26.7,-0.0,2.7743922407239
746,2005-10-26,13.142107916564226,48.43394090340223,23.615037017614668,0.0089411824889974,,43,2005,,,,2005,10,43,26.5,-0.2,26.5,-0.2,8.9411824889974
747,2005-11-02,14.068917938597838,70.04014029061202,18.15143907767577,0.0331670947897545,,44,2005,,,,2005,11,44,26.3,-0.4,26.3,-0.4,33.1670947897545
748,2005-11-09,14.709568528051232,62.5059684262578,20.649170526517537,0.0081935530350537,,45,2005,,,,2005,11,45,26.2,-0.5,26.2,-0.5,8.1935530350537
749,2005-11-16,17.742398675786685,61.57330564921327,23.966136278424983,0.0056333690876613,,46,2005,,,,2005,11,46,26.3,-0.4,26.3,-0.4,5.6333690876613005
750,2005-11-23,19.413440611433344,66.26731754676179,24.39341453759852,0.0198603165767638,,47,2005,,,,2005,11,47,26.1,-0.6,26.1,-0.6,19.8603165767638
751,2005-11-30,16.269774450394966,53.39834122683615,25.39229161528505,0.0088031373596696,,48,2005,,,,2005,11,48,25.9,-0.8,25.9,-0.8,8.8031373596696
752,2005-12-07,21.37031958750752,77.78837886976558,23.008734263206065,0.0565444256698372,,49,2005,,,,2005,12,49,25.9,-0.8,25.9,-0.8,56.5444256698372
753,2005-12-14,19.592868324179843,79.60867369287119,21.044934715219146,0.0372035571976197,,50,2005,,,,2005,12,50,25.8,-0.8,25.8,-0.8,37.203557197619695
754,2005-12-21,22.10166511279324,75.1598264589246,24.072165127189805,0.099953894316588,,51,2005,,,,2005,12,51,25.7,-0.8,25.7,-0.8,99.95389431658799
755,2005-12-28,22.840822594585,82.63832163024365,22.90803105620296,0.055024170766072,,52,2005,,,,2005,12,52,25.6,-1.0,25.6,-1.0,55.024170766072004
756,2006-01-04,22.22954735931564,83.07580629966782,22.361349126595258,0.0747500542858006,,1,2006,,,,2006,1,1,25.6,-0.9,25.6,-0.9,74.7500542858006
757,2006-01-11,21.27229814500336,68.54260607931117,25.053441723674386,0.0019011446118025,,2,2006,,,,2006,1,2,25.5,-1.0,25.5,-1.0,1.9011446118025
758,2006-01-18,23.126489576811448,84.15987052686259,22.75314077520045,0.0811574939394453,,3,2006,,,,2006,1,3,25.4,-1.1,25.4,-1.1,81.1574939394453
759,2006-01-25,21.102330184080326,85.39260432437112,21.015197554088783,0.0419610936725933,,4,2006,,,,2006,1,4,25.7,-0.8,25.7,-0.8,41.9610936725933
760,2006-02-01,23.93356776165772,81.8817047296411,23.860406208687152,0.0297144953984148,,5,2006,,,,2006,2,5,25.6,-0.9,25.6,-0.9,29.7144953984148
761,2006-02-08,24.100728716995217,73.50570068447489,25.837930155124752,0.0206138137123161,,6,2006,,,,2006,2,6,25.7,-0.8,25.7,-0.8,20.6138137123161
762,2006-02-15,21.353563473844293,86.27181104852252,20.99691601967328,0.085697844410918,,7,2006,,,,2006,2,7,25.9,-0.7,25.9,-0.7,85.69784441091801
763,2006-02-22,21.159869920134486,72.87052567863924,23.721019934310448,0.0024231233730591,,8,2006,,,,2006,2,8,26.4,-0.4,26.4,-0.4,2.4231233730591
764,2006-03-01,18.841787670998023,68.65602534186581,22.658414627905643,0.009686479063719,,9,2006,,,,2006,3,9,26.2,-0.7,26.2,-0.7,9.686479063719
765,2006-03-08,21.95403208630144,79.93249360247492,22.832219942572976,0.0193427300353309,,10,2006,,,,2006,3,10,26.3,-0.7,26.3,-0.7,19.3427300353309
766,2006-03-15,24.07905702351924,85.49303014507375,23.220571863083592,0.1057300844094147,,11,2006,,,,2006,3,11,26.5,-0.7,26.5,-0.7,105.7300844094147
767,2006-03-22,21.89868355142209,80.91219294092176,22.495683055021345,0.0308608857969667,,12,2006,,,,2006,3,12,26.6,-0.8,26.6,-0.8,30.8608857969667
768,2006-03-29,20.95192887540533,85.89916230555419,20.681348938195868,0.0482255439646271,,13,2006,,,,2006,3,13,26.9,-0.5,26.9,-0.5,48.2255439646271
769,2006-04-05,21.42986121620432,93.36666502609556,19.705046927523423,0.1378940119260551,,14,2006,,,,2006,4,14,27.4,-0.2,27.4,-0.2,137.8940119260551
770,2006-04-12,18.943901758794944,83.39040297980495,19.525145843402072,0.026680475002724,,15,2006,,,,2006,4,15,27.6,-0.1,27.6,-0.1,26.680475002724002
771,2006-04-19,15.54824495554073,80.75345301088647,16.483281253633095,0.0173850583217526,,16,2006,,,,2006,4,16,27.3,-0.4,27.3,-0.4,17.3850583217526
772,2006-04-26,18.93700028782036,86.60758692383575,18.853334538466243,0.0276143401859307,,17,2006,,,,2006,4,17,27.6,-0.2,27.6,-0.2,27.6143401859307
773,2006-05-03,18.973973019344157,86.04900003260232,18.747559561697017,0.0300660325393598,,18,2006,,,,2006,5,18,27.6,-0.2,27.6,-0.2,30.0660325393598
774,2006-05-10,13.36453943102953,84.21820462601927,13.956720113429924,0.0171121363433712,,19,2006,,,,2006,5,19,27.7,-0.2,27.7,-0.2,17.1121363433712
775,2006-05-17,12.598771811175052,78.05101243767552,14.34673823921048,0.0009888613860797,,20,2006,,,,2006,5,20,28.0,0.1,28.0,0.1,0.9888613860797001
776,2006-05-24,12.693176401775226,80.19548106454361,13.676413018362837,0.0071456839578496,,21,2006,,,,2006,5,21,27.8,-0.0,27.8,-0.0,7.1456839578496
777,2006-05-31,14.375328171330011,80.41055946806974,15.524276416804526,0.0078403269128831,,22,2006,,,,2006,5,22,27.9,0.1,27.9,0.1,7.840326912883101
778,2006-06-07,14.920920755207636,87.33043855820561,15.071973328363356,0.0162086750775967,,23,2006,,,,2006,6,23,28.0,0.2,28.0,0.2,16.2086750775967
779,2006-06-14,14.070470571167334,85.04984773035795,14.420840420366176,0.0055679004600019,,24,2006,,,,2006,6,24,27.8,0.2,27.8,0.2,5.5679004600019
780,2006-06-21,16.349121075135823,87.95696007041442,16.42876201551792,0.0098827309760898,,25,2006,,,,2006,6,25,27.7,0.1,27.7,0.1,9.8827309760898
781,2006-06-28,14.46790554022142,83.98082301229205,15.142589784479467,0.0121284650386443,,26,2006,,,,2006,6,26,27.4,-0.1,27.4,-0.1,12.128465038644299
782,2006-07-05,13.086365234059103,78.54137170690042,14.810581331836945,0.0015389438106586,,27,2006,,,,2006,7,27,27.3,-0.1,27.3,-0.1,1.5389438106586
783,2006-07-12,14.012574606699566,74.73883114073757,16.748810250418558,0.0007661264151823,,28,2006,,,,2006,7,28,27.2,-0.1,27.2,-0.1,0.7661264151823
784,2006-07-19,13.656857829795303,77.82625443315912,15.491060796724696,0.0063911292228198,,29,2006,,,,2006,7,29,27.2,-0.0,27.2,-0.0,6.391129222819799
785,2006-07-26,14.762535668212095,73.39773277757288,17.885086780989297,0.0016363207632059,,30,2006,,,,2006,7,30,27.2,0.1,27.2,0.1,1.6363207632059
786,2006-08-02,8.6596602983458,63.3707354965118,11.62458028728463,0.0015184365245382,,31,2006,,,,2006,8,31,27.2,0.2,27.2,0.2,1.5184365245381999
787,2006-08-09,12.08339919841476,71.20783407682435,14.991567061547585,0.0012138293409584,,32,2006,,,,2006,8,32,27.1,0.2,27.1,0.2,1.2138293409584
788,2006-08-16,16.21937995649618,75.55633244285836,19.19207152022801,0.0183185481775645,,33,2006,,,,2006,8,33,27.2,0.4,27.2,0.4,18.318548177564498
789,2006-08-23,9.835941732431955,64.2447319639616,13.805406643095466,0.0025157496417281,,34,2006,,,,2006,8,34,27.3,0.5,27.3,0.5,2.5157496417281
790,2006-08-30,10.581382194558,57.77618929508706,16.753207714054952,0.000639605521826,,35,2006,,,,2006,8,35,27.3,0.6,27.3,0.6,0.639605521826
791,2006-09-06,7.706240862892144,49.27540139598352,14.619669967443826,0.000505424679157,,36,2006,,,,2006,9,36,27.2,0.6,27.2,0.6,0.5054246791570001
792,2006-09-13,9.859418802029989,47.39026703676767,18.915931904072693,9.958531125318715e-05,,37,2006,,,,2006,9,37,27.2,0.5,27.2,0.5,0.09958531125318715
793,2006-09-20,10.825067522790588,49.737633482274845,19.670515107135373,0.0002528682999093,,38,2006,,,,2006,9,38,27.3,0.7,27.3,0.7,0.2528682999093
794,2006-09-27,8.620626368397192,36.75329799485282,20.92882576248269,7.695868850886103e-06,,39,2006,,,,2006,9,39,27.2,0.6,27.2,0.6,0.007695868850886103
795,2006-10-04,15.132010232066971,55.56474606530114,23.17740417791873,0.0008103680292279,,40,2006,,,,2006,10,40,27.0,0.3,27.0,0.3,0.8103680292279001
796,2006-10-11,14.294347546422914,56.5783144932696,21.71814758404588,0.0121136833882329,,41,2006,,,,2006,10,41,27.4,0.6,27.4,0.6,12.1136833882329
797,2006-10-18,16.14847731432298,57.9705633799719,23.28270445843134,0.0149416854568146,,42,2006,,,,2006,10,42,27.4,0.6,27.4,0.6,14.9416854568146
798,2006-10-25,18.992452018970177,73.91551294876793,21.80630639264376,0.0246317463036983,,43,2006,,,,2006,10,43,27.6,0.8,27.6,0.8,24.6317463036983
799,2006-11-01,21.81393815660805,79.98990780804543,22.74178564110582,0.0566357050388691,,44,2006,,,,2006,11,44,27.5,0.7,27.5,0.7,56.6357050388691
800,2006-11-08,17.648879901199876,71.93157042635097,21.139528399097685,0.0152175753405734,,45,2006,,,,2006,11,45,27.5,0.8,27.5,0.8,15.2175753405734
801,2006-11-15,14.182968269502654,56.28782594357965,21.86545473994039,0.0009688230281312,,46,2006,,,,2006,11,46,27.8,1.0,27.8,1.0,0.9688230281312
802,2006-11-22,16.366529748987713,58.68160547512238,23.465162557485144,0.0105646012077776,,47,2006,,,,2006,11,47,27.7,1.0,27.7,1.0,10.564601207777601
803,2006-11-29,20.89001025970431,70.38030043804905,24.51932471917604,0.0487759423892382,,48,2006,,,,2006,11,48,27.7,1.0,27.7,1.0,48.7759423892382
804,2006-12-06,22.06239606574908,80.62808556934627,22.73744794106005,0.0315245539302639,,49,2006,,,,2006,12,49,27.7,1.1,27.7,1.1,31.5245539302639
805,2006-12-13,22.55038063409768,84.2781296939387,22.341451834334805,0.1434322231635292,,50,2006,,,,2006,12,50,27.7,1.1,27.7,1.1,143.4322231635292
806,2006-12-20,24.87729240553077,84.66946258149295,23.91898004181536,0.0523751700732516,,51,2006,,,,2006,12,51,27.7,1.2,27.7,1.2,52.375170073251596
807,2006-12-27,23.618740865992887,81.30161566025687,23.710251459134668,0.0386643706748616,,52,2006,,,,2006,12,52,27.7,1.2,27.7,1.2,38.6643706748616
808,2007-01-03,24.088824791750653,79.45315323294098,24.519497613193263,0.0328559762845738,,1,2007,,,,2007,1,1,27.5,1.0,27.5,1.0,32.8559762845738
809,2007-01-10,24.049847174957552,80.595419741336,24.192386141926303,0.0326058284240145,,2,2007,,,,2007,1,2,27.4,0.9,27.4,0.9,32.6058284240145
810,2007-01-17,23.535727654024495,84.32539567732056,23.020147045940007,0.0936137788574699,,3,2007,,,,2007,1,3,27.3,0.8,27.3,0.8,93.6137788574699
811,2007-01-24,22.49518986180227,81.7349791248642,22.8395401390232,0.0323721387944309,,4,2007,,,,2007,1,4,27.1,0.6,27.1,0.6,32.372138794430896
812,2007-01-31,23.01172946206433,84.98583587507903,22.516524290227608,0.0817683186873604,,5,2007,,,,2007,1,5,27.0,0.5,27.0,0.5,81.76831868736039
813,2007-02-07,22.829825251764877,84.96328658568746,22.419530032929917,0.0691685252463116,,6,2007,,,,2007,2,6,26.9,0.3,26.9,0.3,69.1685252463116
814,2007-02-14,23.645665974436405,89.94431387555501,21.9685577029274,0.0961141606615991,,7,2007,,,,2007,2,7,26.7,0.1,26.7,0.1,96.1141606615991
815,2007-02-21,20.63037485355912,79.5000605176911,21.5989740929636,0.046849940898377,,8,2007,,,,2007,2,8,26.6,-0.1,26.6,-0.1,46.849940898377
816,2007-02-28,23.5099605306315,79.31765089427938,23.98495434871336,0.0138860638638332,,9,2007,,,,2007,2,9,26.7,-0.2,26.7,-0.2,13.8860638638332
817,2007-03-07,21.98184018721254,86.20404084040085,21.39426565624421,0.0649997422868087,,10,2007,,,,2007,3,10,26.9,-0.1,26.9,-0.1,64.9997422868087
818,2007-03-14,22.829813212943773,87.67477249628637,21.770931705812245,0.0515507704432788,,11,2007,,,,2007,3,11,27.1,-0.0,27.1,-0.0,51.5507704432788
819,2007-03-21,21.358940376924487,85.68514830962901,21.12955412053742,0.0917139402575263,,12,2007,,,,2007,3,12,27.2,-0.1,27.2,-0.1,91.7139402575263
820,2007-03-28,23.070671380777657,88.40509631481427,21.842101370882855,0.0446747325270589,,13,2007,,,,2007,3,13,27.2,-0.3,27.2,-0.3,44.6747325270589
821,2007-04-04,19.557321249856617,86.98408437052107,19.35200808778103,0.0694107565112826,,14,2007,,,,2007,4,14,27.5,-0.1,27.5,-0.1,69.4107565112826
822,2007-04-11,19.46012491773675,86.46086847733322,19.49336814361368,0.0246881430809204,,15,2007,,,,2007,4,15,27.9,0.2,27.9,0.2,24.6881430809204
823,2007-04-18,20.945628062943356,87.7911740062658,20.347976199299357,0.0151903753491556,,16,2007,,,,2007,4,16,27.7,-0.0,27.7,-0.0,15.1903753491556
824,2007-04-25,22.81140336618516,88.05340283475391,21.719324898233253,0.0281669551575066,,17,2007,,,,2007,4,17,27.6,-0.3,27.6,-0.3,28.1669551575066
825,2007-05-02,14.685494663686333,81.66513077848288,15.798046444224669,0.0094917776404339,,18,2007,,,,2007,5,18,27.3,-0.6,27.3,-0.6,9.4917776404339
826,2007-05-09,18.714456450832746,86.23553247338187,18.39509820743484,0.0205638920875068,,19,2007,,,,2007,5,19,27.2,-0.7,27.2,-0.7,20.5638920875068
827,2007-05-16,11.468397434199067,81.13572635773069,12.040215259993149,0.0046138637828495,,20,2007,,,,2007,5,20,27.3,-0.6,27.3,-0.6,4.6138637828495
828,2007-05-23,12.869169536179225,82.49750839866124,13.736483627111795,0.0136195420083287,,21,2007,,,,2007,5,21,27.6,-0.3,27.6,-0.3,13.6195420083287
829,2007-05-30,9.550592619158683,76.81578304548705,10.342725748594148,0.0099946298375859,,22,2007,,,,2007,5,22,27.6,-0.2,27.6,-0.2,9.994629837585899
830,2007-06-06,8.097465028639096,74.60083741019598,8.505855139907567,0.004047387068616,,23,2007,,,,2007,6,23,27.5,-0.2,27.5,-0.2,4.0473870686160005
831,2007-06-13,14.46854678670945,82.81654343572772,15.307821437290784,0.0027377475639061,,24,2007,,,,2007,6,24,27.7,0.1,27.7,0.1,2.7377475639061
832,2007-06-20,13.094231573615758,83.91446464576737,13.26530056389015,0.0060944993808022,,25,2007,,,,2007,6,25,27.5,-0.1,27.5,-0.1,6.0944993808022
833,2007-06-27,12.548914993238638,82.26295086534522,13.032241829074168,0.0070525955499921,,26,2007,,,,2007,6,26,27.3,-0.2,27.3,-0.2,7.0525955499921
834,2007-07-04,10.793674643748052,73.12960775553297,12.931578066559894,0.0002509678816865,,27,2007,,,,2007,7,27,26.9,-0.6,26.9,-0.6,0.2509678816865
835,2007-07-11,12.239840594439505,74.42586064330085,13.97727549286924,0.0087514019790272,,28,2007,,,,2007,7,28,26.8,-0.6,26.8,-0.6,8.7514019790272
836,2007-07-18,7.9886924180800305,68.68751954305039,9.46017267395854,9.612811226438516e-05,,29,2007,,,,2007,7,29,27.0,-0.3,27.0,-0.3,0.09612811226438517
837,2007-07-25,8.461645896485159,56.052848405407694,13.348538335164449,0.0003550584189707,,30,2007,,,,2007,7,30,26.8,-0.4,26.8,-0.4,0.3550584189707
838,2007-08-01,6.955030181213922,54.45346485896511,11.271631028052129,9.109697164940858e-05,,31,2007,,,,2007,8,31,26.5,-0.6,26.5,-0.6,0.09109697164940858
839,2007-08-08,7.871674960168585,67.90604433328947,9.704822586993773,0.0045351978315254,,32,2007,,,,2007,8,32,26.3,-0.6,26.3,-0.6,4.5351978315254
840,2007-08-15,8.638122941383253,53.32707880873229,14.398970657141092,9.88112104778338e-05,,33,2007,,,,2007,8,33,26.3,-0.5,26.3,-0.5,0.0988112104778338
841,2007-08-22,7.920927617474544,58.14425502151143,11.905186498732805,0.0014809388896637,,34,2007,,,,2007,8,34,26.1,-0.6,26.1,-0.6,1.4809388896637
842,2007-08-29,8.567855603749631,54.80826920391252,14.047750792211446,0.0004360202458266,,35,2007,,,,2007,8,35,26.0,-0.7,26.0,-0.7,0.4360202458266
843,2007-09-05,8.841061236794719,47.81374708915998,16.88708141352862,4.308306188249844e-06,,36,2007,,,,2007,9,36,25.9,-0.7,25.9,-0.7,0.004308306188249844
844,2007-09-12,16.182295231412205,57.96000166464977,23.728348421888317,0.0038215430716392,,37,2007,,,,2007,9,37,25.9,-0.7,25.9,-0.7,3.8215430716392
845,2007-09-19,15.04905446825072,69.99360472566498,18.763555482617903,0.0115234342820354,,38,2007,,,,2007,9,38,25.9,-0.8,25.9,-0.8,11.5234342820354
846,2007-09-26,12.608834182831496,67.13154093336657,16.541601578070242,0.0152255537059348,,39,2007,,,,2007,9,39,25.5,-1.1,25.5,-1.1,15.2255537059348
847,2007-10-03,13.441638553487415,56.95830363416799,20.48937489516078,0.0005943636531924,,40,2007,,,,2007,10,40,25.2,-1.5,25.2,-1.5,0.5943636531924
848,2007-10-10,16.70869843512682,63.97518171261879,22.498478631259676,0.0096474631616208,,41,2007,,,,2007,10,41,25.3,-1.4,25.3,-1.4,9.6474631616208
849,2007-10-17,14.054172828703212,67.92284724829968,18.281735888630408,0.0134176980792532,,42,2007,,,,2007,10,42,25.5,-1.2,25.5,-1.2,13.4176980792532
850,2007-10-24,18.013832861649544,66.35960190928546,22.940814356901285,0.0148132065493459,,43,2007,,,,2007,10,43,25.7,-1.0,25.7,-1.0,14.8132065493459
851,2007-10-31,19.158274082678304,62.26945494465811,25.297996866135463,0.0069109696547846,,44,2007,,,,2007,10,44,25.5,-1.2,25.5,-1.2,6.9109696547846005
852,2007-11-07,13.99802762723419,55.95202214553058,21.76334654360403,0.0116322863194245,,45,2007,,,,2007,11,45,25.3,-1.5,25.3,-1.5,11.6322863194245
853,2007-11-14,14.99158253040958,56.46361186182691,22.674733617354438,0.0104963049770308,,46,2007,,,,2007,11,46,25.3,-1.5,25.3,-1.5,10.4963049770308
854,2007-11-21,15.363214155520655,58.01456890142868,22.646228343937707,0.0392327035418296,,47,2007,,,,2007,11,47,25.3,-1.4,25.3,-1.4,39.2327035418296
855,2007-11-28,18.121902118403604,68.10971528986097,22.352309241262446,0.0133851107118775,,48,2007,,,,2007,11,48,25.4,-1.3,25.4,-1.3,13.3851107118775
856,2007-12-05,19.50846125208831,64.58917090497889,24.83195199252799,0.0175938367841759,,49,2007,,,,2007,12,49,25.4,-1.2,25.4,-1.2,17.5938367841759
857,2007-12-12,19.87765056619437,73.86662985717902,22.666612840509742,0.039207405319189,,50,2007,,,,2007,12,50,25.3,-1.3,25.3,-1.3,39.207405319189
858,2007-12-19,19.181089276086453,75.81002487761245,21.49701640849213,0.0418839859107167,,51,2007,,,,2007,12,51,25.4,-1.2,25.4,-1.2,41.8839859107167
859,2007-12-26,18.54328312470916,61.32478509592685,24.85726418268121,0.0083467204621164,,52,2007,,,,2007,12,52,25.5,-1.1,25.5,-1.1,8.3467204621164
860,2008-01-02,20.60565174537568,73.88839204343222,23.198297456494856,0.0469104197074281,,1,2008,,,,2008,1,1,24.9,-1.6,24.9,-1.6,46.9104197074281
861,2008-01-09,23.788138252510095,78.47356917744828,24.505611142009343,0.0391491417094909,,2,2008,,,,2008,1,2,24.7,-1.8,24.7,-1.8,39.149141709490905
862,2008-01-16,22.23479285806585,78.30218825866794,23.293408226480267,0.0307100600426874,,3,2008,,,,2008,1,3,24.7,-1.7,24.7,-1.7,30.7100600426874
863,2008-01-23,22.883924651774414,82.66643149807528,22.86358976818269,0.0467934075651704,,4,2008,,,,2008,1,4,25.0,-1.4,25.0,-1.4,46.7934075651704
864,2008-01-30,22.26112968486248,88.7164440566703,21.227051385892537,0.137509457990583,,5,2008,,,,2008,1,5,25.3,-1.2,25.3,-1.2,137.509457990583
865,2008-02-06,19.68279153345927,78.9152116215529,21.348632521856477,0.0829688140321341,,6,2008,,,,2008,2,6,25.1,-1.5,25.1,-1.5,82.9688140321341
866,2008-02-13,19.386537397320502,75.78124842820634,21.472797232906828,0.0196347180712288,,7,2008,,,,2008,2,7,24.8,-1.8,24.8,-1.8,19.6347180712288
867,2008-02-20,22.222700234887647,79.84254528178992,22.9472578606638,0.024786409610361,,8,2008,,,,2008,2,8,25.2,-1.5,25.2,-1.5,24.786409610361
868,2008-02-27,22.489470937510475,87.71152247268707,21.584043497617586,0.065327515168066,,9,2008,,,,2008,2,9,25.5,-1.3,25.5,-1.3,65.327515168066
869,2008-03-05,19.50029230226371,76.47891506750511,21.660797879485077,0.0216579584353553,,10,2008,,,,2008,3,10,26.0,-1.0,26.0,-1.0,21.657958435355297
870,2008-03-12,20.781042266608186,89.15487329938593,19.98479755687066,0.0620495821691276,,11,2008,,,,2008,3,11,26.2,-0.9,26.2,-0.9,62.049582169127596
871,2008-03-19,18.86619416120656,84.79540674938326,19.338720238614314,0.0191343251718681,,12,2008,,,,2008,3,12,26.3,-1.0,26.3,-1.0,19.1343251718681
872,2008-03-26,21.870916971671576,86.45299862030906,21.39014170899685,0.031433919974607,,13,2008,,,,2008,3,13,26.4,-1.0,26.4,-1.0,31.433919974606997
873,2008-04-02,22.798873427495224,91.47364296344148,21.09517717166824,0.1090697897281042,,14,2008,,,,2008,4,14,26.6,-0.9,26.6,-0.9,109.0697897281042
874,2008-04-09,17.86837628842996,83.26211457421711,18.766996936408876,0.0369075666248934,,15,2008,,,,2008,4,15,26.8,-0.9,26.8,-0.9,36.9075666248934
875,2008-04-16,17.33934787442392,84.94554081469535,17.37916129754518,0.0191534070827741,,16,2008,,,,2008,4,16,26.9,-0.9,26.9,-0.9,19.153407082774102
876,2008-04-23,15.505503412801582,82.3639343983647,16.534761293891393,0.006132642367132,,17,2008,,,,2008,4,17,27.0,-0.8,27.0,-0.8,6.132642367132
877,2008-04-30,20.20511399930593,85.36257211752563,20.104349533392508,0.021462057993777,,18,2008,,,,2008,4,18,27.3,-0.6,27.3,-0.6,21.462057993777
878,2008-05-07,10.13910803634256,73.78295360776434,11.817430114746116,0.0008211521994862,,19,2008,,,,2008,5,19,27.0,-0.9,27.0,-0.9,0.8211521994862
879,2008-05-14,13.787800085672622,86.11135379730447,14.105717647318954,0.012712402215922,,20,2008,,,,2008,5,20,27.1,-0.8,27.1,-0.8,12.712402215922
880,2008-05-21,17.62777316619524,85.10076435574534,17.99598995649899,0.0052642449820231,,21,2008,,,,2008,5,21,27.3,-0.6,27.3,-0.6,5.264244982023101
881,2008-05-28,17.106396089660095,81.84322920091374,17.8930649867674,0.007244230139057,,22,2008,,,,2008,5,22,27.2,-0.6,27.2,-0.6,7.2442301390570005
882,2008-06-04,8.996770653480548,75.11831920562128,9.330889352811424,0.004784958877209,,23,2008,,,,2008,6,23,27.2,-0.6,27.2,-0.6,4.784958877208999
883,2008-06-11,13.354666258629337,85.0830015619603,13.622826292076924,0.0100166876398896,,24,2008,,,,2008,6,24,27.0,-0.7,27.0,-0.7,10.0166876398896
884,2008-06-18,9.362978214828642,72.14528842722738,11.057865786390266,0.0005053830841786,,25,2008,,,,2008,6,25,26.9,-0.7,26.9,-0.7,0.5053830841786
885,2008-06-25,9.494349109279316,78.89360037460673,9.873399962859937,0.0073984907675271,,26,2008,,,,2008,6,26,27.0,-0.5,27.0,-0.5,7.398490767527099
886,2008-07-02,10.634429906772834,75.71367786685285,12.341711648954004,0.0026239092377683,,27,2008,,,,2008,7,27,27.1,-0.3,27.1,-0.3,2.6239092377683
887,2008-07-09,14.625772686440015,77.58666500796863,16.809809283820982,0.0033507567411404,,28,2008,,,,2008,7,28,27.1,-0.3,27.1,-0.3,3.3507567411404
888,2008-07-16,16.119382902423837,78.48966214918104,18.14289835975285,0.0114782025636357,,29,2008,,,,2008,7,29,27.0,-0.3,27.0,-0.3,11.478202563635701
889,2008-07-23,13.697192542395856,72.22715818036258,16.929825900849835,0.0019767895903492,,30,2008,,,,2008,7,30,26.8,-0.3,26.8,-0.3,1.9767895903492
890,2008-07-30,12.103288830883146,75.39388468424907,14.216544853262404,0.0050483603562158,,31,2008,,,,2008,7,31,26.9,-0.1,26.9,-0.1,5.0483603562158
891,2008-08-06,12.452958395681977,74.25941585114272,15.11065204905816,0.0057987643463052,,32,2008,,,,2008,8,32,27.0,0.0,27.0,0.0,5.7987643463052
892,2008-08-13,12.416757121597968,66.78640901057172,16.756522556227083,0.004912469226276,,33,2008,,,,2008,8,33,26.9,0.0,26.9,0.0,4.9124692262759995
893,2008-08-20,9.427676119190282,57.21828217199114,15.115488099078789,1.483239576265711e-05,,34,2008,,,,2008,8,34,26.6,-0.2,26.6,-0.2,0.014832395762657111
894,2008-08-27,10.52814183506826,60.087800853408986,15.904450846042778,0.0002104094899501,,35,2008,,,,2008,8,35,26.6,-0.2,26.6,-0.2,0.2104094899501
895,2008-09-03,8.996453454775754,43.15672556611747,18.667558301549438,7.848579295049213e-06,,36,2008,,,,2008,9,36,26.6,-0.1,26.6,-0.1,0.007848579295049214
896,2008-09-10,7.416346140853246,46.86772617510159,14.197760349714883,0.0002436903028783,,37,2008,,,,2008,9,37,26.6,-0.1,26.6,-0.1,0.24369030287829999
897,2008-09-17,10.16647317290054,57.07415608864914,16.479890934950674,0.0015410281412044,,38,2008,,,,2008,9,38,26.6,-0.1,26.6,-0.1,1.5410281412044
898,2008-09-24,7.860529831301799,40.05088111586316,18.1225308736166,0.0001622967801152,,39,2008,,,,2008,9,39,26.2,-0.5,26.2,-0.5,0.16229678011520002
899,2008-10-01,12.651629163958878,50.67700607355621,21.735935504420297,0.0013953580594677,,40,2008,,,,2008,10,40,26.2,-0.5,26.2,-0.5,1.3953580594677
900,2008-10-08,12.69527014232492,58.943762434846455,19.302157053006795,0.0039020929752027,,41,2008,,,,2008,10,41,26.4,-0.3,26.4,-0.3,3.9020929752027
901,2008-10-15,14.199939384939222,50.3050121864078,23.86708336914484,0.0053848056195897,,42,2008,,,,2008,10,42,26.5,-0.2,26.5,-0.2,5.3848056195897005
902,2008-10-22,15.988402536229346,70.87553787427727,20.046753184000693,0.022954836700202,,43,2008,,,,2008,10,43,26.5,-0.2,26.5,-0.2,22.954836700202
903,2008-10-29,17.115568238121394,69.9579595922443,20.8636463917843,0.0132519142288336,,44,2008,,,,2008,10,44,26.7,-0.1,26.7,-0.1,13.2519142288336
904,2008-11-05,17.097995239356813,77.23343263054191,19.33512509404403,0.032954633805241,,45,2008,,,,2008,11,45,26.7,-0.1,26.7,-0.1,32.954633805241
905,2008-11-12,19.78545529744768,75.40672661042684,22.25434291087049,0.0597287517889364,,46,2008,,,,2008,11,46,26.6,-0.2,26.6,-0.2,59.7287517889364
906,2008-11-19,15.274475187593902,63.85586447507602,20.781650641824115,0.009815418900466,,47,2008,,,,2008,11,47,26.3,-0.4,26.3,-0.4,9.815418900466
907,2008-11-26,15.695068659544535,52.11338963741896,24.967612514366067,0.0009183849871468,,48,2008,,,,2008,11,48,26.1,-0.6,26.1,-0.6,0.9183849871468001
908,2008-12-03,19.019809668949875,64.97780021480501,24.687457176779446,0.0275487001087039,,49,2008,,,,2008,12,49,26.0,-0.6,26.0,-0.6,27.548700108703898
909,2008-12-10,15.741987394966792,55.872244157241504,23.822775271149737,0.0014289504712518,,50,2008,,,,2008,12,50,25.8,-0.8,25.8,-0.8,1.4289504712518
910,2008-12-17,20.55982326285533,75.52743434614116,22.86802701366196,0.0540651988264926,,51,2008,,,,2008,12,51,25.7,-0.8,25.7,-0.8,54.0651988264926
911,2008-12-24,20.09875075891911,65.32132955983865,25.01697398334943,0.0317747777623204,,52,2008,,,,2008,12,52,25.6,-1.0,25.6,-1.0,31.774777762320397
912,2008-12-31,20.828501599119924,77.0404574855754,22.75734644001028,0.0568255830215288,,1,2008,,,,2008,12,1,25.5,-1.0,25.5,-1.0,56.8255830215288
913,2009-01-07,19.950458876693517,79.88945680420638,21.276201152152797,0.0613315816976164,,2,2009,,,,2009,1,2,25.6,-0.9,25.6,-0.9,61.3315816976164
914,2009-01-14,20.141635898352707,76.77970511193585,22.08610087803436,0.0434470687589362,,3,2009,,,,2009,1,3,25.6,-0.9,25.6,-0.9,43.4470687589362
915,2009-01-21,20.431797689953303,77.82273822987786,21.949294921978836,0.0327941724531878,,4,2009,,,,2009,1,4,25.9,-0.6,25.9,-0.6,32.794172453187805
916,2009-01-28,19.76002872492533,68.14896249534063,23.83777981193697,0.0038977607362166,,5,2009,,,,2009,1,5,25.8,-0.7,25.8,-0.7,3.8977607362166
917,2009-02-04,21.96881898533103,71.58779861250622,24.886123509309755,0.0184307908618005,,6,2009,,,,2009,2,6,25.7,-0.8,25.7,-0.8,18.430790861800503
918,2009-02-11,23.545383365596965,84.27371987851716,23.05831816537045,0.0738329639272186,,7,2009,,,,2009,2,7,25.9,-0.7,25.9,-0.7,73.8329639272186
919,2009-02-18,19.88389935954533,74.37400555883917,22.40332077441576,0.0383311152458125,,8,2009,,,,2009,2,8,26.3,-0.4,26.3,-0.4,38.3311152458125
920,2009-02-25,22.037697760534247,79.11060863243742,22.8897023960036,0.0311385872798025,,9,2009,,,,2009,2,9,26.4,-0.4,26.4,-0.4,31.1385872798025
921,2009-03-04,19.32917901262543,70.65294004222187,22.70424100136273,0.0040058509464496,,10,2009,,,,2009,3,10,26.2,-0.7,26.2,-0.7,4.0058509464496
922,2009-03-11,21.310026640072525,82.2229996691429,21.842632483138573,0.0702921961421338,,11,2009,,,,2009,3,11,26.4,-0.7,26.4,-0.7,70.2921961421338
923,2009-03-18,19.580286230069525,74.29728940735778,22.25643067911369,0.0217495882267988,,12,2009,,,,2009,3,12,26.5,-0.8,26.5,-0.8,21.7495882267988
924,2009-03-25,20.862785342115465,85.89518402983214,20.73414148084157,0.0485330306984873,,13,2009,,,,2009,3,13,26.8,-0.6,26.8,-0.6,48.5330306984873
925,2009-04-01,20.840660780076107,81.6598106802169,21.59284038413955,0.0268482147791766,,14,2009,,,,2009,4,14,27.2,-0.3,27.2,-0.3,26.8482147791766
926,2009-04-08,21.44891545561416,85.02729505016414,21.383839842089174,0.0440041892012799,,15,2009,,,,2009,4,15,27.6,-0.1,27.6,-0.1,44.0041892012799
927,2009-04-15,20.28559734249252,82.18774371405108,21.03918668007367,0.0108726922952721,,16,2009,,,,2009,4,16,27.7,-0.0,27.7,-0.0,10.8726922952721
928,2009-04-22,19.37331051127291,80.34654131874059,20.6791960865462,0.016312946378548,,17,2009,,,,2009,4,17,27.7,-0.2,27.7,-0.2,16.312946378548002
929,2009-04-29,18.652699024102898,87.71043547373804,18.57248513357979,0.0575254855567907,,18,2009,,,,2009,4,18,27.7,-0.1,27.7,-0.1,57.5254855567907
930,2009-05-06,18.384527273767908,84.83363134035817,18.90711001441593,0.0318153788179884,,19,2009,,,,2009,5,19,27.8,-0.1,27.8,-0.1,31.815378817988396
931,2009-05-13,18.546681813738097,84.5977976185309,18.99872778029669,0.0077445947770802,,20,2009,,,,2009,5,20,28.0,0.1,28.0,0.1,7.7445947770802
932,2009-05-20,15.292554783121574,82.43843083340407,16.132046363467282,0.0088477494882209,,21,2009,,,,2009,5,21,28.2,0.4,28.2,0.4,8.8477494882209
933,2009-05-27,19.220482727546145,84.25222755503864,19.6854969543665,0.0131253276652582,,22,2009,,,,2009,5,22,28.2,0.4,28.2,0.4,13.125327665258201
934,2009-06-03,10.71214648458568,77.90587276765994,11.574012465704072,0.0261056092683068,,23,2009,,,,2009,6,23,27.9,0.1,27.9,0.1,26.1056092683068
935,2009-06-10,10.67312282034613,73.82372659916184,12.65196522044488,0.0005464278478695,,24,2009,,,,2009,6,24,28.0,0.3,28.0,0.3,0.5464278478695
936,2009-06-17,10.05886522803621,67.87136323105894,13.055207370576396,0.0002613975149447,,25,2009,,,,2009,6,25,28.2,0.6,28.2,0.6,0.26139751494470004
937,2009-06-24,13.586492637786645,78.17412667735945,15.342163495952605,0.0062393648641513,,26,2009,,,,2009,6,26,28.2,0.7,28.2,0.7,6.2393648641513
938,2009-07-01,9.635742357026317,69.55978573255328,12.114581446744978,0.0010784644910764,,27,2009,,,,2009,7,27,28.1,0.7,28.1,0.7,1.0784644910763999
939,2009-07-08,12.808220041136057,72.51793239544118,15.599824705578044,0.0003462286034309,,28,2009,,,,2009,7,28,28.0,0.6,28.0,0.6,0.3462286034309
940,2009-07-15,8.344710685119768,56.90574024720792,12.76977713708169,0.0030268810881496,,29,2009,,,,2009,7,29,27.6,0.4,27.6,0.4,3.0268810881496
941,2009-07-22,10.521793205025729,72.42540751816925,12.576895468575628,0.0069009533949123,,30,2009,,,,2009,7,30,27.7,0.6,27.7,0.6,6.9009533949123005
942,2009-07-29,7.03472488410462,62.3476592023692,8.769922186403903,0.0052840681094004,,31,2009,,,,2009,7,31,27.6,0.6,27.6,0.6,5.284068109400399
943,2009-08-05,7.987714651948853,56.8006567546241,12.665323083579151,2.7681258269954663e-05,,32,2009,,,,2009,8,32,27.6,0.6,27.6,0.6,0.027681258269954663
944,2009-08-12,8.513808256693409,52.16035339868976,14.61852684280501,0.0002711256861402,,33,2009,,,,2009,8,33,27.6,0.7,27.6,0.7,0.2711256861402
945,2009-08-19,9.159079650082749,45.32305862166938,18.376933994422984,3.3616696068098205e-05,,34,2009,,,,2009,8,34,27.5,0.7,27.5,0.7,0.0336166960680982
946,2009-08-26,8.257794936076566,48.798891640101246,15.733996885650017,0.0001683946821669,,35,2009,,,,2009,8,35,27.5,0.8,27.5,0.8,0.16839468216689998
947,2009-09-02,12.486697305851465,48.50493397958005,22.638185911113737,9.202800824376872e-06,,36,2009,,,,2009,9,36,27.5,0.8,27.5,0.8,0.009202800824376871
948,2009-09-09,12.510734202140954,58.171651821239685,19.40315567847017,0.006927131257987,,37,2009,,,,2009,9,37,27.5,0.8,27.5,0.8,6.927131257987
949,2009-09-16,7.154265338967006,45.62196584610634,14.584297564240558,0.000137029580922,,38,2009,,,,2009,9,38,27.5,0.8,27.5,0.8,0.13702958092200002
950,2009-09-23,11.650998807323552,55.120196980399214,19.131694412231468,0.0041562020078832,,39,2009,,,,2009,9,39,27.5,0.8,27.5,0.8,4.156202007883199
951,2009-09-30,7.759015957465328,46.3546315861397,15.396842938377745,0.0009893561436911,,40,2009,,,,2009,9,40,27.2,0.5,27.2,0.5,0.9893561436911
952,2009-10-07,10.023778261940947,45.944081060469344,19.590556314688968,0.0010032220255311,,41,2009,,,,2009,10,41,27.3,0.6,27.3,0.6,1.0032220255311
953,2009-10-14,12.553803223570904,52.56955792368024,21.025811767578148,0.0025267485449944,,42,2009,,,,2009,10,42,27.4,0.7,27.4,0.7,2.5267485449944
954,2009-10-21,13.506131109224247,55.28323646729536,21.45192367657512,0.0050955470159697,,43,2009,,,,2009,10,43,27.8,1.0,27.8,1.0,5.0955470159697
955,2009-10-28,14.10903286276668,51.62062670550023,23.283779398600306,0.002102131611535,,44,2009,,,,2009,10,44,28.1,1.4,28.1,1.4,2.102131611535
956,2009-11-04,13.29424884797544,33.8153100053333,30.070727855656457,7.277339722833176e-06,,45,2009,,,,2009,11,45,28.4,1.6,28.4,1.6,0.007277339722833176
957,2009-11-11,17.421880726600055,57.92721362930419,24.82702580406556,0.0263853117820644,,46,2009,,,,2009,11,46,28.1,1.4,28.1,1.4,26.385311782064402
958,2009-11-18,22.510961422628863,77.60311858157864,23.893276040732477,0.044911895215705,,47,2009,,,,2009,11,47,28.2,1.5,28.2,1.5,44.911895215705
959,2009-11-25,24.1147760813666,70.56344570164104,26.83613781831707,0.0311711694509929,,48,2009,,,,2009,11,48,28.2,1.5,28.2,1.5,31.171169450992902
960,2009-12-02,24.20800840833162,77.78412497046484,24.98135933389472,0.0560906876406614,,49,2009,,,,2009,12,49,28.2,1.5,28.2,1.5,56.0906876406614
961,2009-12-09,20.693134731282967,84.52041367651992,20.886304357100585,0.0845479178834612,,50,2009,,,,2009,12,50,28.3,1.6,28.3,1.6,84.5479178834612
962,2009-12-16,20.48570357991265,81.0829147095206,21.444244288749477,0.0337573204519213,,51,2009,,,,2009,12,51,28.2,1.6,28.2,1.6,33.7573204519213
963,2009-12-23,23.76041962226761,83.84878481086447,23.314630762736044,0.0539987440615666,,52,2009,,,,2009,12,52,28.5,1.9,28.5,1.9,53.9987440615666
964,2009-12-30,25.53535725778,81.0454363566968,25.14991724701963,0.0694897596557098,,53,2009,,,,2009,12,53,28.4,1.9,28.4,1.9,69.4897596557098
965,2010-01-06,24.257118135306257,85.74694678933741,23.26131820159708,0.0929222792204232,,1,2010,,,,2010,1,1,28.3,1.8,28.3,1.8,92.9222792204232
966,2010-01-13,22.967645379758093,84.29582969573545,22.39263909009037,0.0730620443950605,,2,2010,,,,2010,1,2,28.2,1.8,28.2,1.8,73.06204439506051
967,2010-01-20,19.81192690925228,74.06414249094973,22.16239020418965,0.0243186806416133,,3,2010,,,,2010,1,3,28.0,1.5,28.0,1.5,24.318680641613298
968,2010-01-27,20.65766895978992,70.31251279098305,23.989389206763065,0.0033439752156791,,4,2010,,,,2010,1,4,27.8,1.3,27.8,1.3,3.3439752156791
969,2010-02-03,22.082697637152737,67.49301722914804,25.979313254842964,0.0180719604753107,,5,2010,,,,2010,2,5,27.7,1.1,27.7,1.1,18.0719604753107
970,2010-02-10,26.159783398286876,77.67407368212609,26.30680622178687,0.0331168509876127,,6,2010,,,,2010,2,6,27.9,1.3,27.9,1.3,33.1168509876127
971,2010-02-17,24.58907034595262,81.29197130771134,24.461018550639267,0.0673207234925418,,7,2010,,,,2010,2,7,27.9,1.2,27.9,1.2,67.3207234925418
972,2010-02-24,26.211667630546096,86.94481964704302,24.24967433124993,0.0798948948499287,,8,2010,,,,2010,2,8,28.0,1.2,28.0,1.2,79.8948948499287
973,2010-03-03,19.05904369992572,82.89760959349985,19.71439564763284,0.0781405778736988,,9,2010,,,,2010,3,9,28.1,1.2,28.1,1.2,78.1405778736988
974,2010-03-10,23.96963829416732,84.80564701414666,23.22396667117164,0.0257995005333993,,10,2010,,,,2010,3,10,28.4,1.3,28.4,1.3,25.7995005333993
975,2010-03-17,23.980043982018863,87.77087482018405,22.65872448771989,0.051131103471076,,11,2010,,,,2010,3,11,28.4,1.2,28.4,1.2,51.131103471076
976,2010-03-24,24.877688613644107,87.69300972527572,23.189621381694792,0.0543847822714756,,12,2010,,,,2010,3,12,28.3,0.9,28.3,0.9,54.3847822714756
977,2010-03-31,19.91014287586201,78.13905784078376,21.49278359964592,0.002429652076567,,13,2010,,,,2010,3,13,28.4,0.9,28.4,0.9,2.429652076567
978,2010-04-07,18.946059851257907,82.51323490334504,19.620609239331717,0.0306886879812883,,14,2010,,,,2010,4,14,28.4,0.8,28.4,0.8,30.6886879812883
979,2010-04-14,16.244607079304938,81.31010181893889,17.613788236241817,0.0068327797550458,,15,2010,,,,2010,4,15,28.4,0.7,28.4,0.7,6.8327797550458
980,2010-04-21,18.588917934505755,80.92478677478837,19.590878838260267,0.0061187577427485,,16,2010,,,,2010,4,16,28.3,0.5,28.3,0.5,6.1187577427485
981,2010-04-28,15.710901757161787,85.79722935549366,15.747844561103308,0.0304091169608763,,17,2010,,,,2010,4,17,28.3,0.4,28.3,0.4,30.4091169608763
982,2010-05-05,15.6870700733508,81.780319898553,17.01998149586376,0.0113374746268358,,18,2010,,,,2010,5,18,27.9,0.0,27.9,0.0,11.337474626835801
983,2010-05-12,12.921810567200954,74.69650121253609,15.271237984482129,0.0052505151210441,,19,2010,,,,2010,5,19,27.6,-0.3,27.6,-0.3,5.2505151210441
984,2010-05-19,10.323123946623951,74.99248158788947,11.98308202003949,0.0104239003997805,,20,2010,,,,2010,5,20,27.6,-0.3,27.6,-0.3,10.4239003997805
985,2010-05-26,12.102536108454265,77.88818935125785,13.76894086201986,0.0049861358474717,,21,2010,,,,2010,5,21,27.7,-0.2,27.7,-0.2,4.9861358474717
986,2010-06-02,12.33118437721574,79.97096397010478,13.5112883068266,0.0084348721160785,,22,2010,,,,2010,6,22,27.5,-0.3,27.5,-0.3,8.4348721160785
987,2010-06-09,10.561073420433216,73.41384772903477,12.717509686217056,0.0003383260647638,,23,2010,,,,2010,6,23,27.3,-0.5,27.3,-0.5,0.3383260647638
988,2010-06-16,13.623638899222737,84.52074783606966,14.15750003477342,0.0077204040841546,,24,2010,,,,2010,6,24,27.0,-0.7,27.0,-0.7,7.7204040841546
989,2010-06-23,15.161489155886118,87.05230284987314,15.367311913626564,0.015467104527415,,25,2010,,,,2010,6,25,26.9,-0.6,26.9,-0.6,15.467104527415
990,2010-06-30,10.71523918665502,73.55073634607541,12.73409554877253,0.0010210362313663,,26,2010,,,,2010,6,26,26.8,-0.7,26.8,-0.7,1.0210362313663
991,2010-07-07,13.606871593799124,72.15553214868942,16.58728988284156,9.397615977897138e-05,,27,2010,,,,2010,7,27,26.6,-0.8,26.6,-0.8,0.09397615977897138
992,2010-07-14,11.57255831197017,69.39826489879052,14.224506580586365,0.0020480065910259,,28,2010,,,,2010,7,28,26.6,-0.7,26.6,-0.7,2.0480065910258998
993,2010-07-21,5.098441511571576,62.86249740212826,4.317450745251733,0.0086970169562228,,29,2010,,,,2010,7,29,26.1,-1.0,26.1,-1.0,8.6970169562228
994,2010-07-28,6.826599772010744,60.81440876209834,9.251000340779685,4.17491405982113e-05,,30,2010,,,,2010,7,30,25.7,-1.4,25.7,-1.4,0.0417491405982113
995,2010-08-04,8.445451301745331,60.9777088881624,12.215380864565075,0.0001512257953518,,31,2010,,,,2010,8,31,25.7,-1.3,25.7,-1.3,0.1512257953518
996,2010-08-11,7.157790135321782,60.52706928662031,9.69035709926061,0.0004398159296583,,32,2010,,,,2010,8,32,25.7,-1.1,25.7,-1.1,0.4398159296583
997,2010-08-18,8.083978908309017,59.78406874100014,12.086407883313257,0.0005931016080776,,33,2010,,,,2010,8,33,25.6,-1.2,25.6,-1.2,0.5931016080775999
998,2010-08-25,12.442084175451456,55.76460482249436,20.08137439027132,0.0003712272044416,,34,2010,,,,2010,8,34,25.4,-1.3,25.4,-1.3,0.3712272044416
999,2010-09-01,13.786737614517788,65.15460504819757,19.11480593000141,0.002509376147496,,35,2010,,,,2010,9,35,25.4,-1.3,25.4,-1.3,2.509376147496
1000,2010-09-08,8.726085266206345,56.66292094752023,14.300435781154532,0.0054753712244927,,36,2010,,,,2010,9,36,25.4,-1.3,25.4,-1.3,5.4753712244927
1001,2010-09-15,11.329196807765532,51.90144786667084,19.695667586034688,0.0015302672978414,,37,2010,,,,2010,9,37,25.4,-1.3,25.4,-1.3,1.5302672978414
1002,2010-09-22,11.274333527294852,48.00791983154648,21.281731801454725,0.0004342776958229,,38,2010,,,,2010,9,38,25.4,-1.3,25.4,-1.3,0.4342776958229
1003,2010-09-29,15.841831805178952,70.28343598672329,19.79928231531261,0.0249875917427989,,39,2010,,,,2010,9,39,25.0,-1.7,25.0,-1.7,24.987591742798898
1004,2010-10-06,10.489700540563602,58.58888711640891,16.461697268323803,0.0051356111706434,,40,2010,,,,2010,10,40,24.9,-1.8,24.9,-1.8,5.1356111706434
1005,2010-10-13,13.155389750535376,57.16823481704147,20.329765859590907,0.0045208395461924,,41,2010,,,,2010,10,41,25.2,-1.5,25.2,-1.5,4.5208395461924
1006,2010-10-20,14.14998134187642,61.750530433596296,20.443517614870643,0.0144043936164734,,42,2010,,,,2010,10,42,25.5,-1.2,25.5,-1.2,14.4043936164734
1007,2010-10-27,16.12070186004063,68.34754840783005,20.88554682828942,0.0145660604147371,,43,2010,,,,2010,10,43,25.5,-1.3,25.5,-1.3,14.5660604147371
1008,2010-11-03,11.065719502179522,44.81803000408345,22.30677837709186,0.0004389100836793,,44,2010,,,,2010,11,44,25.3,-1.4,25.3,-1.4,0.4389100836793
1009,2010-11-10,11.143529353485542,38.23270976949559,24.6748548183312,6.949373083336191e-05,,45,2010,,,,2010,11,45,25.5,-1.3,25.5,-1.3,0.06949373083336191
1010,2010-11-17,9.643506118669444,40.25591057884435,21.54389358831912,0.0039914047017844,,46,2010,,,,2010,11,46,25.2,-1.5,25.2,-1.5,3.9914047017844
1011,2010-11-24,13.839950293124076,49.4489874226021,23.97519148742259,0.0108432815419955,,47,2010,,,,2010,11,47,25.2,-1.5,25.2,-1.5,10.8432815419955
1012,2010-12-01,14.52008471597841,52.21913468795547,23.73299205027473,0.0015047570609811,,48,2010,,,,2010,12,48,25.4,-1.2,25.4,-1.2,1.5047570609810998
1013,2010-12-08,18.4782628096986,63.36486502919624,24.43333761513645,0.0129867462262299,,49,2010,,,,2010,12,49,25.5,-1.1,25.5,-1.1,12.986746226229899
1014,2010-12-15,17.335802448643285,56.627450831400814,24.44900709398752,0.0109481605139128,,50,2010,,,,2010,12,50,25.4,-1.2,25.4,-1.2,10.9481605139128
1015,2010-12-22,13.155779117513292,42.27360151722696,25.927176840126947,0.0077947751968053,,51,2010,,,,2010,12,51,25.2,-1.3,25.2,-1.3,7.7947751968053
1016,2010-12-29,21.65552728267369,71.49798610891241,24.71218090446632,0.052558755059668,,52,2010,,,,2010,12,52,25.2,-1.3,25.2,-1.3,52.558755059668
1017,2011-01-05,20.32582169463512,77.88337268510962,22.095591429626097,0.0509987437294608,,1,2011,,,,2011,1,1,25.2,-1.3,25.2,-1.3,50.998743729460806
1018,2011-01-12,21.57323300539201,85.66577199740381,21.23589573555256,0.0787499969379398,,2,2011,,,,2011,1,2,24.8,-1.7,24.8,-1.7,78.7499969379398
1019,2011-01-19,21.860632070687057,75.05846053171524,23.96564427330384,0.0225449992234269,,3,2011,,,,2011,1,3,24.9,-1.5,24.9,-1.5,22.544999223426903
1020,2011-01-26,22.91546975465498,85.34691764251434,22.37931382055996,0.0773978743000743,,4,2011,,,,2011,1,4,25.0,-1.4,25.0,-1.4,77.3978743000743
1021,2011-02-02,24.59944856436429,84.0907062630736,23.83649193640474,0.0649563941125198,,5,2011,,,,2011,2,5,25.4,-1.2,25.4,-1.2,64.9563941125198
1022,2011-02-09,24.093516487482844,85.71327522807817,23.11355954903325,0.059475262291026,,6,2011,,,,2011,2,6,25.6,-1.0,25.6,-1.0,59.475262291026006
1023,2011-02-16,20.159615082803317,82.87981030995229,20.78087179482389,0.0424801275402647,,7,2011,,,,2011,2,7,25.5,-1.2,25.5,-1.2,42.480127540264704
1024,2011-02-23,22.1821746761054,85.22456303715754,21.845311516482862,0.0500697079887214,,8,2011,,,,2011,2,8,25.4,-1.4,25.4,-1.4,50.069707988721404
1025,2011-03-02,20.748619294738567,82.88342208817605,21.263021801280388,0.1121849554225329,,9,2011,,,,2011,3,9,25.6,-1.3,25.6,-1.3,112.1849554225329
1026,2011-03-09,20.803668005850724,82.16532931454331,21.434421663868196,0.0490708582008631,,10,2011,,,,2011,3,10,26.3,-0.8,26.3,-0.8,49.0708582008631
1027,2011-03-16,19.022029877305737,80.21199350985103,19.87809252057758,0.0404762603728434,,11,2011,,,,2011,3,11,26.5,-0.7,26.5,-0.7,40.4762603728434
1028,2011-03-23,19.353056396772853,84.82541436920194,19.680577798441163,0.0221342100112512,,12,2011,,,,2011,3,12,26.5,-0.9,26.5,-0.9,22.1342100112512
1029,2011-03-30,19.867326395412423,87.1186852122956,19.570705369702807,0.0610164868126403,,13,2011,,,,2011,3,13,26.8,-0.7,26.8,-0.7,61.016486812640295
1030,2011-04-06,19.009721253865205,83.85019148422721,19.615678872867534,0.0348588929319539,,14,2011,,,,2011,4,14,27.1,-0.5,27.1,-0.5,34.858892931953896
1031,2011-04-13,19.03244655591779,86.87333798946634,19.062672045441783,0.0366527031302129,,15,2011,,,,2011,4,15,27.0,-0.7,27.0,-0.7,36.6527031302129
1032,2011-04-20,18.85536750841213,86.184811596536,18.91379839838765,0.0258554917317661,,16,2011,,,,2011,4,16,27.0,-0.8,27.0,-0.8,25.8554917317661
1033,2011-04-27,16.969427419480834,81.88737265497474,18.08040849335339,0.0043390578455141,,17,2011,,,,2011,4,17,27.0,-0.9,27.0,-0.9,4.3390578455141
1034,2011-05-04,14.135662090572524,81.93575634734336,14.853743243055304,0.013896361776179,,18,2011,,,,2011,5,18,27.1,-0.8,27.1,-0.8,13.896361776179
1035,2011-05-11,15.359595197507998,82.29134478452212,16.31088732505333,0.0045835770054379,,19,2011,,,,2011,5,19,27.5,-0.4,27.5,-0.4,4.5835770054379
1036,2011-05-18,16.423371521742084,86.84260169474676,16.568992531705078,0.0133190234827011,,20,2011,,,,2011,5,20,27.8,-0.1,27.8,-0.1,13.3190234827011
1037,2011-05-25,15.647680904693985,86.02104306117927,15.99292871384398,0.0078449159160689,,21,2011,,,,2011,5,21,27.5,-0.3,27.5,-0.3,7.8449159160689
1038,2011-06-01,12.80242429651477,83.96709810844963,13.311627999130565,0.0081051393813399,,22,2011,,,,2011,6,22,27.5,-0.3,27.5,-0.3,8.1051393813399
1039,2011-06-08,14.789388902734496,87.69197838424986,14.840147207870018,0.0173518337207738,,23,2011,,,,2011,6,23,27.4,-0.3,27.4,-0.3,17.351833720773797
1040,2011-06-15,12.383643614937872,78.92359869334024,13.883459449300972,0.0015098925346188,,24,2011,,,,2011,6,24,27.2,-0.5,27.2,-0.5,1.5098925346188001
1041,2011-06-22,15.785716596057174,87.84366085058271,15.874108614240356,0.0122773811712606,,25,2011,,,,2011,6,25,27.4,-0.2,27.4,-0.2,12.2773811712606
1042,2011-06-29,9.972322657504442,82.2306852530211,9.710845643646906,0.0092843579825593,,26,2011,,,,2011,6,26,27.6,0.1,27.6,0.1,9.2843579825593
1043,2011-07-06,6.630967422641841,63.63978207046733,7.669533004241714,3.653747513356264e-05,,27,2011,,,,2011,7,27,27.3,-0.1,27.3,-0.1,0.03653747513356264
1044,2011-07-13,10.195395971536092,70.03787145152971,12.708906518845367,0.0002445708603155,,28,2011,,,,2011,7,28,27.2,-0.1,27.2,-0.1,0.2445708603155
1045,2011-07-20,14.549001794779493,82.5840296065582,15.600308951553076,0.0096206685842515,,29,2011,,,,2011,7,29,26.9,-0.3,26.9,-0.3,9.6206685842515
1046,2011-07-27,11.250458848875214,74.74479610408717,13.249509832161609,0.0040611354515363,,30,2011,,,,2011,7,30,26.8,-0.3,26.8,-0.3,4.0611354515363
1047,2011-08-03,9.224497988516186,67.34650478157423,11.512378246281456,0.0073311459648236,,31,2011,,,,2011,8,31,26.7,-0.3,26.7,-0.3,7.3311459648236
1048,2011-08-10,8.722285524650848,55.00897498596438,13.91700183582958,9.160217426235863e-06,,32,2011,,,,2011,8,32,26.5,-0.4,26.5,-0.4,0.009160217426235863
1049,2011-08-17,14.344216125004598,68.26490577083752,18.844125820341617,0.0014595616312591,,33,2011,,,,2011,8,33,26.4,-0.4,26.4,-0.4,1.4595616312591
1050,2011-08-24,7.825123310536895,53.91079042891102,12.12809580329332,0.0013839256493385,,34,2011,,,,2011,8,34,26.3,-0.5,26.3,-0.5,1.3839256493385
1051,2011-08-31,8.819730623069617,50.77842334325047,15.894602750920969,2.2737604485456583e-05,,35,2011,,,,2011,8,35,26.2,-0.6,26.2,-0.6,0.022737604485456583
1052,2011-09-07,8.85825800775452,46.3498130202107,17.776934456338722,1.7097653783183985e-05,,36,2011,,,,2011,9,36,26.1,-0.6,26.1,-0.6,0.017097653783183984
1053,2011-09-14,8.424529709719359,43.64474667059427,18.327362133207828,5.499542617367784e-06,,37,2011,,,,2011,9,37,25.9,-0.8,25.9,-0.8,0.005499542617367784
1054,2011-09-21,11.698882183165036,53.07148383095001,20.07499695602729,0.0030842771043937,,38,2011,,,,2011,9,38,26.0,-0.7,26.0,-0.7,3.0842771043937
1055,2011-09-28,11.770333778772812,49.23653136161597,21.15596616316816,6.560917380836274e-05,,39,2011,,,,2011,9,39,26.1,-0.6,26.1,-0.6,0.06560917380836273
1056,2011-10-05,14.80318691443476,53.48130046667009,23.98121168954032,0.0064536260124329,,40,2011,,,,2011,10,40,25.9,-0.9,25.9,-0.9,6.4536260124329
1057,2011-10-12,15.127092181957012,58.09340573980363,22.41852981671184,0.0040560973938892,,41,2011,,,,2011,10,41,26.1,-0.6,26.1,-0.6,4.0560973938892
1058,2011-10-19,13.070354860138456,60.48002891003671,19.45865830401993,0.0152290532745839,,42,2011,,,,2011,10,42,26.3,-0.5,26.3,-0.5,15.229053274583901
1059,2011-10-26,15.241390263829912,62.54770087819157,21.296099767879586,0.0107194447559711,,43,2011,,,,2011,10,43,25.8,-1.0,25.8,-1.0,10.7194447559711
1060,2011-11-02,13.04743026786524,51.77442218800798,22.020794999518387,0.004866402731045,,44,2011,,,,2011,11,44,25.7,-1.0,25.7,-1.0,4.866402731045
1061,2011-11-09,14.66624123720466,44.75011950930782,26.594746123852417,0.0009424619951232,,45,2011,,,,2011,11,45,25.8,-0.9,25.8,-0.9,0.9424619951232001
1062,2011-11-16,16.385215198222934,62.17917831766722,22.79905488669465,0.0171343750874954,,46,2011,,,,2011,11,46,25.9,-0.9,25.9,-0.9,17.1343750874954
1063,2011-11-23,17.390438972378746,65.57118230530995,22.563111072981428,0.0156032814646696,,47,2011,,,,2011,11,47,25.7,-1.0,25.7,-1.0,15.6032814646696
1064,2011-11-30,17.562422797132204,56.37137270765388,25.690596867256488,0.0099363331279066,,48,2011,,,,2011,11,48,25.7,-1.0,25.7,-1.0,9.9363331279066
1065,2011-12-07,17.473680630000338,64.56649166663374,22.774700483983903,0.0197200091818261,,49,2011,,,,2011,12,49,25.7,-1.0,25.7,-1.0,19.7200091818261
1066,2011-12-14,20.0013192809372,78.5962911863539,21.7176122029623,0.057606455352259,,50,2011,,,,2011,12,50,25.6,-1.0,25.6,-1.0,57.606455352259
1067,2011-12-21,17.160425561856446,62.42206234902696,23.51926229567755,0.0191182155279712,,51,2011,,,,2011,12,51,25.5,-1.0,25.5,-1.0,19.1182155279712
1068,2011-12-28,17.383725120713464,58.5279847478364,24.942281056099205,0.0327220758237233,,52,2011,,,,2011,12,52,25.4,-1.1,25.4,-1.1,32.7220758237233
1069,2012-01-04,21.964423610836405,70.83699727118217,25.09345946798527,0.0278579445816846,,1,2012,,,,2012,1,1,25.7,-0.8,25.7,-0.8,27.8579445816846
1070,2012-01-11,19.234881983106074,61.31098498576715,25.236672947682564,0.0088071032615013,,2,2012,,,,2012,1,2,26.1,-0.4,26.1,-0.4,8.8071032615013
1071,2012-01-18,20.027325503397968,66.661599861269,24.571427164921147,0.0277542796221332,,3,2012,,,,2012,1,3,26.0,-0.5,26.0,-0.5,27.7542796221332
1072,2012-01-25,20.981367651176285,70.06825461737523,24.470511398834446,0.0250194901596922,,4,2012,,,,2012,1,4,25.8,-0.7,25.8,-0.7,25.0194901596922
1073,2012-02-01,19.945312004766933,67.4301422067239,24.112769063313863,0.0534285343415992,,5,2012,,,,2012,2,5,25.6,-0.9,25.6,-0.9,53.4285343415992
1074,2012-02-08,24.43301983654246,80.73658690541386,24.42295480066417,0.033910882564669,,6,2012,,,,2012,2,6,25.7,-0.9,25.7,-0.9,33.910882564669
1075,2012-02-15,23.01834248881709,84.9974933769967,22.524095880417576,0.0786830423435113,,7,2012,,,,2012,2,7,26.2,-0.5,26.2,-0.5,78.6830423435113
1076,2012-02-22,23.19155640109649,77.47276395228518,24.23683015473034,0.0219906992399176,,8,2012,,,,2012,2,8,26.5,-0.3,26.5,-0.3,21.9906992399176
1077,2012-02-29,21.76572230373293,78.60190124355648,23.046214662928207,0.0254799737379503,,9,2012,,,,2012,2,9,26.7,-0.2,26.7,-0.2,25.479973737950303
1078,2012-03-07,22.25428587419628,80.89424800648632,22.813325967594096,0.0494267407429934,,10,2012,,,,2012,3,10,26.5,-0.5,26.5,-0.5,49.4267407429934
1079,2012-03-14,22.01127212315884,73.08559677055692,24.49094363102301,0.020679737893358,,11,2012,,,,2012,3,11,26.6,-0.6,26.6,-0.6,20.679737893358
1080,2012-03-21,20.45239399419027,75.57820383652958,22.619936697823675,0.019773167853186,,12,2012,,,,2012,3,12,26.8,-0.6,26.8,-0.6,19.773167853186
1081,2012-03-28,19.87044061369421,83.58605908453653,20.356350614586688,0.0417572836823783,,13,2012,,,,2012,3,13,27.1,-0.3,27.1,-0.3,41.7572836823783
1082,2012-04-04,18.0179163739073,75.18978151272833,20.347880092283503,0.0271996491192604,,14,2012,,,,2012,4,14,27.2,-0.4,27.2,-0.4,27.1996491192604
1083,2012-04-11,20.762680759728195,82.38525118610463,21.35703521001909,0.0150371157694654,,15,2012,,,,2012,4,15,27.1,-0.6,27.1,-0.6,15.0371157694654
1084,2012-04-18,20.202099912508544,86.50824598612508,20.02749729286245,0.0510536100487293,,16,2012,,,,2012,4,16,27.2,-0.6,27.2,-0.6,51.0536100487293
1085,2012-04-25,19.485723059078197,89.02723770477293,18.91587980880223,0.0486520888102696,,17,2012,,,,2012,4,17,27.5,-0.4,27.5,-0.4,48.652088810269596
1086,2012-05-02,13.831761759830735,86.83523510509549,13.89934227872061,0.0303668997918913,,18,2012,,,,2012,5,18,27.6,-0.3,27.6,-0.3,30.3668997918913
1087,2012-05-09,16.714135056340353,81.60893528421221,17.78698124009736,0.008709190572626,,19,2012,,,,2012,5,19,27.7,-0.2,27.7,-0.2,8.709190572626001
1088,2012-05-16,15.787257863549092,80.0196307004782,17.424340846262908,0.0087097808545714,,20,2012,,,,2012,5,20,27.5,-0.4,27.5,-0.4,8.7097808545714
1089,2012-05-23,16.58333344061065,83.6158087881285,17.447632933636157,0.0147420502131662,,21,2012,,,,2012,5,21,27.7,-0.2,27.7,-0.2,14.7420502131662
1090,2012-05-30,16.067363480326584,85.92637885701406,16.46341057342738,0.0149879130988033,,22,2012,,,,2012,5,22,27.7,-0.1,27.7,-0.1,14.987913098803299
1091,2012-06-06,14.37871855108832,82.22475518046754,15.22694432784101,0.0144480257591226,,23,2012,,,,2012,6,23,27.7,-0.1,27.7,-0.1,14.448025759122599
1092,2012-06-13,8.720896000921373,70.24474909063322,10.199422078554337,0.0002211455786275,,24,2012,,,,2012,6,24,28.0,0.3,28.0,0.3,0.2211455786275
1093,2012-06-20,15.021237672979405,83.41883468950397,15.913079431754396,0.0120467222903372,,25,2012,,,,2012,6,25,28.2,0.6,28.2,0.6,12.0467222903372
1094,2012-06-27,11.709100020796209,76.18989540326473,13.66731996082126,0.0030330202421769,,26,2012,,,,2012,6,26,28.0,0.5,28.0,0.5,3.0330202421769
1095,2012-07-04,16.740060588750172,83.31997021363232,17.53298008977157,0.009793008198382,,27,2012,,,,2012,7,27,27.7,0.3,27.7,0.3,9.793008198382001
1096,2012-07-11,8.513682783277696,67.98438501412741,10.438892540964162,0.0015771134267943,,28,2012,,,,2012,7,28,27.2,-0.1,27.2,-0.1,1.5771134267942999
1097,2012-07-18,10.005586807949491,74.00013134322138,11.810176519796189,0.0115848189492717,,29,2012,,,,2012,7,29,27.4,0.2,27.4,0.2,11.5848189492717
1098,2012-07-25,9.578638980495292,59.68673390304594,14.400583223096362,7.990323675853362e-06,,30,2012,,,,2012,7,30,27.6,0.5,27.6,0.5,0.007990323675853362
1099,2012-08-01,8.747195448276011,61.60176295782371,12.631572899850823,0.0002229784126715,,31,2012,,,,2012,8,31,27.6,0.6,27.6,0.6,0.2229784126715
1100,2012-08-08,12.566010727943247,75.40265846471034,14.824536130217496,0.0065675783203223,,32,2012,,,,2012,8,32,27.7,0.7,27.7,0.7,6.5675783203223
1101,2012-08-15,11.07253354538491,58.800029358728274,16.90344532298394,0.0007555688209112,,33,2012,,,,2012,8,33,27.3,0.5,27.3,0.5,0.7555688209112
1102,2012-08-22,13.889834835649069,67.43278085425656,18.51071316985048,0.004631411816222,,34,2012,,,,2012,8,34,27.3,0.5,27.3,0.5,4.631411816222
1103,2012-08-29,9.733209601565353,56.1928671031253,14.555165512707788,0.0022690530109541,,35,2012,,,,2012,8,35,28.1,1.3,28.1,1.3,2.2690530109541003
1104,2012-09-05,10.654084036905411,47.26136774298288,20.416652726153984,7.711549471878243e-06,,36,2012,,,,2012,9,36,27.8,1.1,27.8,1.1,0.007711549471878243
1105,2012-09-12,13.463072069605392,64.57872278979463,18.758904198886626,0.0084343621239578,,37,2012,,,,2012,9,37,26.9,0.3,26.9,0.3,8.434362123957799
1106,2012-09-19,15.94288939922827,58.95395537175795,23.44425006269597,0.0019655046946905,,38,2012,,,,2012,9,38,26.7,0.1,26.7,0.1,1.9655046946905
1107,2012-09-26,9.532948550254291,46.2419811473635,19.13661734392855,0.0014571436040015,,39,2012,,,,2012,9,39,27.0,0.3,27.0,0.3,1.4571436040015
1108,2012-10-03,9.13908451992918,38.7260161304821,20.438891983032192,0.0001466725194956,,40,2012,,,,2012,10,40,27.0,0.3,27.0,0.3,0.1466725194956
1109,2012-10-10,17.222502523740253,68.53518595303287,21.78511140265437,0.040022164795937,,41,2012,,,,2012,10,41,27.0,0.3,27.0,0.3,40.022164795937
1110,2012-10-17,13.148660626339336,58.46870838350742,20.097994533201472,0.0019743244559369,,42,2012,,,,2012,10,42,27.0,0.3,27.0,0.3,1.9743244559369002
1111,2012-10-24,15.972792861533865,54.31363897227007,24.43752876074137,0.0035085309900456,,43,2012,,,,2012,10,43,27.1,0.4,27.1,0.4,3.5085309900456
1112,2012-10-31,17.198456249562255,56.77171469565838,25.009972145443896,0.0165976866275643,,44,2012,,,,2012,10,44,27.2,0.4,27.2,0.4,16.5976866275643
1113,2012-11-07,19.960021687973317,74.64467735936732,22.5291530790783,0.0418092798841891,,45,2012,,,,2012,11,45,27.5,0.8,27.5,0.8,41.8092798841891
1114,2012-11-14,17.97427395369392,67.371534663029,22.34998553269577,0.0100515969284695,,46,2012,,,,2012,11,46,27.8,1.0,27.8,1.0,10.0515969284695
1115,2012-11-21,17.288745979398904,60.79891372530658,23.69929968386282,0.0030008537552669,,47,2012,,,,2012,11,47,27.2,0.5,27.2,0.5,3.0008537552669003
1116,2012-11-28,19.833807845624587,73.13792492910642,22.75939573690192,0.0389311824505819,,48,2012,,,,2012,11,48,26.4,-0.3,26.4,-0.3,38.9311824505819
1117,2012-12-05,22.26560968599324,73.45619501683596,24.532947093937764,0.0127001736318175,,49,2012,,,,2012,12,49,26.1,-0.6,26.1,-0.6,12.7001736318175
1118,2012-12-12,21.22331018924525,70.16330200349044,24.427334942460845,0.0439770997847322,,50,2012,,,,2012,12,50,26.2,-0.4,26.2,-0.4,43.977099784732204
1119,2012-12-19,21.31714811551917,63.627232517966064,26.523193107656937,0.0154591401496791,,51,2012,,,,2012,12,51,26.0,-0.6,26.0,-0.6,15.4591401496791
1120,2012-12-26,22.39421406172371,71.3278612929794,25.23215246654695,0.0310294574175843,,52,2012,,,,2012,12,52,26.1,-0.4,26.1,-0.4,31.0294574175843
1121,2013-01-02,17.492441136352486,67.31809339665614,22.03463814664053,0.0507697493863393,,1,2013,,,,2013,1,1,26.0,-0.5,26.0,-0.5,50.7697493863393
1122,2013-01-09,21.535404749500305,75.84980304221547,23.225524378147327,0.0247650254667033,,2,2013,,,,2013,1,2,25.7,-0.8,25.7,-0.8,24.7650254667033
1123,2013-01-16,23.304425800609696,78.77608772196248,24.144007904675615,0.0398183200779921,,3,2013,,,,2013,1,3,26.1,-0.4,26.1,-0.4,39.818320077992105
1124,2013-01-23,21.27436204176586,81.71320610580534,21.88768218942249,0.0550903847938246,,4,2013,,,,2013,1,4,26.1,-0.4,26.1,-0.4,55.090384793824605
1125,2013-01-30,20.80402101732266,70.05405445195255,24.24099720546178,0.0050759398262211,,5,2013,,,,2013,1,5,26.1,-0.4,26.1,-0.4,5.0759398262211
1126,2013-02-06,20.974224443895896,62.87188837741413,26.444823785379697,0.0036785881101033,,6,2013,,,,2013,2,6,26.1,-0.5,26.1,-0.5,3.6785881101033002
1127,2013-02-13,19.73008304274628,66.96392602204509,24.36179351287632,0.0184391393091557,,7,2013,,,,2013,2,7,26.2,-0.5,26.2,-0.5,18.439139309155703
1128,2013-02-20,20.95015388304133,69.13140697541778,24.772880536033995,0.0267767779576745,,8,2013,,,,2013,2,8,26.1,-0.7,26.1,-0.7,26.7767779576745
1129,2013-02-27,19.44621152082729,75.87172634909129,21.714804170569607,0.0302901549452648,,9,2013,,,,2013,2,9,26.5,-0.4,26.5,-0.4,30.2901549452648
1130,2013-03-06,18.321926106393438,68.7685816225515,22.2679402954725,0.0056682212532222,,10,2013,,,,2013,3,10,26.9,-0.1,26.9,-0.1,5.6682212532222005
1131,2013-03-13,22.60172309247712,75.79266751095965,24.21098709884961,0.043291247564371,,11,2013,,,,2013,3,11,26.6,-0.5,26.6,-0.5,43.291247564371
1132,2013-03-20,17.60284423931577,86.17302050907465,17.85893347603934,0.0457185828105528,,12,2013,,,,2013,3,12,26.9,-0.4,26.9,-0.4,45.718582810552796
1133,2013-03-27,17.10934535450538,73.70828903914827,20.097466496058928,0.007672965773809,,13,2013,,,,2013,3,13,27.5,0.0,27.5,0.0,7.672965773809
1134,2013-04-03,17.118106972679698,67.75984541783481,21.61231445260597,0.0047750810251986,,14,2013,,,,2013,4,14,28.2,0.7,28.2,0.7,4.7750810251986
1135,2013-04-10,15.698502646084767,69.61005005979902,19.819643975601764,0.0061232471620655,,15,2013,,,,2013,4,15,28.1,0.4,28.1,0.4,6.1232471620655
1136,2013-04-17,16.207904963452297,71.88604116713596,19.62949702983002,0.0173994830454685,,16,2013,,,,2013,4,16,27.7,-0.1,27.7,-0.1,17.3994830454685
1137,2013-04-24,13.76361084643016,56.14580803620311,21.49188133291648,6.0283174475119135e-06,,17,2013,,,,2013,4,17,27.6,-0.2,27.6,-0.2,0.006028317447511914
1138,2013-05-01,15.931238878638542,63.50461103128803,21.57009788565091,0.0047610645565541,,18,2013,,,,2013,5,18,27.8,-0.1,27.8,-0.1,4.7610645565541
1139,2013-05-08,18.280152993771875,72.76564257459823,21.427890331242395,0.0190290084851635,,19,2013,,,,2013,5,19,27.8,-0.1,27.8,-0.1,19.029008485163498
1140,2013-05-15,14.781866894765535,68.24665655165484,19.078431831411763,0.004483325779006,,20,2013,,,,2013,5,20,27.4,-0.5,27.4,-0.5,4.483325779006
1141,2013-05-22,11.281784880633287,71.85446023729062,13.66060082571846,0.0069577725867994,,21,2013,,,,2013,5,21,27.2,-0.6,27.2,-0.6,6.9577725867994
1142,2013-05-29,11.833940170694415,68.25374993037595,15.879853859726268,0.000536688577566,,22,2013,,,,2013,5,22,27.5,-0.3,27.5,-0.3,0.5366885775660001
1143,2013-06-05,12.126096560529838,64.46855172923524,17.038812216933877,0.0014539453723208,,23,2013,,,,2013,6,23,27.3,-0.5,27.3,-0.5,1.4539453723208
1144,2013-06-12,14.301927032241494,67.10360943222064,18.86514678747477,0.0014461027862969,,24,2013,,,,2013,6,24,27.3,-0.4,27.3,-0.4,1.4461027862969
1145,2013-06-19,15.962489067054213,81.9220723656519,17.251867120444444,0.0187113071961496,,25,2013,,,,2013,6,25,27.2,-0.4,27.2,-0.4,18.7113071961496
1146,2013-06-26,10.14010986577582,77.71568322284874,11.180616827724748,0.0143741398529202,,26,2013,,,,2013,6,26,27.5,-0.1,27.5,-0.1,14.374139852920202
1147,2013-07-03,10.560993152451756,69.81705467415966,13.816237671521264,0.0001518281439431,,27,2013,,,,2013,7,27,27.2,-0.3,27.2,-0.3,0.15182814394309999
1148,2013-07-10,12.379648446042705,73.0025547950704,15.133705484299412,0.0057649857236289,,28,2013,,,,2013,7,28,27.0,-0.4,27.0,-0.4,5.7649857236289
1149,2013-07-17,14.242397994343246,76.3604080526387,16.675809089504924,0.0063769915898416,,29,2013,,,,2013,7,29,27.0,-0.3,27.0,-0.3,6.3769915898416
1150,2013-07-24,8.427994241743956,60.5867842749216,10.855390102360616,0.0016682000258388,,30,2013,,,,2013,7,30,26.9,-0.2,26.9,-0.2,1.6682000258388
1151,2013-07-31,7.253727157830788,47.81854832878944,13.18788899012975,3.004073885648495e-06,,31,2013,,,,2013,7,31,26.7,-0.3,26.7,-0.3,0.003004073885648495
1152,2013-08-07,11.166377829063697,59.336331213182206,17.300793026255974,0.001577033167905,,32,2013,,,,2013,8,32,26.5,-0.4,26.5,-0.4,1.577033167905
1153,2013-08-14,6.9960290776417,44.87810509820213,13.506003082690654,0.0004554287076073,,33,2013,,,,2013,8,33,26.2,-0.7,26.2,-0.7,0.4554287076073
1154,2013-08-21,5.826840033526182,38.37647556445853,14.055260413033636,8.721693396702384e-06,,34,2013,,,,2013,8,34,26.1,-0.7,26.1,-0.7,0.008721693396702384
1155,2013-08-28,5.982384133924581,36.78796011933209,14.103206369828172,0.0010165193988638,,35,2013,,,,2013,8,35,26.5,-0.2,26.5,-0.2,1.0165193988638002
1156,2013-09-04,6.603858346713932,30.573417338615144,20.30020500494504,9.58681476857594e-06,,36,2013,,,,2013,9,36,26.8,0.1,26.8,0.1,0.00958681476857594
1157,2013-09-11,11.337075360320515,42.479111842854486,23.68084801913932,0.0002157747480363,,37,2013,,,,2013,9,37,26.9,0.2,26.9,0.2,0.21577474803629998
1158,2013-09-18,11.583226123509991,60.01382814156357,17.806154310784393,0.014749912903135,,38,2013,,,,2013,9,38,26.8,0.1,26.8,0.1,14.749912903135
1159,2013-09-25,8.645061878565766,55.198596183957896,14.236052760948157,0.0018493848184932,,39,2013,,,,2013,9,39,26.6,-0.1,26.6,-0.1,1.8493848184932
1160,2013-10-02,8.142779526095683,44.86979167561645,16.87662649608791,8.789104404627325e-05,,40,2013,,,,2013,10,40,26.6,-0.1,26.6,-0.1,0.08789104404627325
1161,2013-10-09,9.807577873401154,44.728317540479054,19.91621138903565,0.0005811335782952,,41,2013,,,,2013,10,41,26.6,-0.1,26.6,-0.1,0.5811335782952
1162,2013-10-16,17.170079669512987,70.8182035991824,21.50690720486807,0.0579493925301919,,42,2013,,,,2013,10,42,26.5,-0.2,26.5,-0.2,57.9493925301919
1163,2013-10-23,16.717766908030633,64.87662949232723,22.08475866252877,0.0192228627238349,,43,2013,,,,2013,10,43,26.4,-0.3,26.4,-0.3,19.222862723834897
1164,2013-10-30,16.22525207966392,63.328060404274645,22.110226308083043,0.0085415080683637,,44,2013,,,,2013,10,44,26.6,-0.1,26.6,-0.1,8.541508068363699
1165,2013-11-06,16.07888924064066,55.6324943144494,23.994537659729417,0.0090504286074306,,45,2013,,,,2013,11,45,26.7,-0.0,26.7,-0.0,9.0504286074306
1166,2013-11-13,13.903672864454345,47.26152159847602,24.81935403265919,0.0072858522976356,,46,2013,,,,2013,11,46,26.7,-0.1,26.7,-0.1,7.2858522976356
1167,2013-11-20,12.481419731369408,39.916732257146855,25.42647925655865,0.0012503327791364,,47,2013,,,,2013,11,47,26.8,0.0,26.8,0.0,1.2503327791364
1168,2013-11-27,15.172365043447597,49.54596923468036,25.437200411323037,0.0042653039610708,,48,2013,,,,2013,11,48,26.5,-0.2,26.5,-0.2,4.2653039610708
1169,2013-12-04,19.99299140876823,71.84462105299511,23.30903983083715,0.0277211228560092,,49,2013,,,,2013,12,49,26.6,-0.1,26.6,-0.1,27.7211228560092
1170,2013-12-11,22.146461885803667,70.52293187071385,25.45062138563924,0.0397873139152368,,50,2013,,,,2013,12,50,26.5,-0.1,26.5,-0.1,39.7873139152368
1171,2013-12-18,20.81426881256684,74.98774770485365,23.02039968529533,0.0348176756070966,,51,2013,,,,2013,12,51,26.5,-0.1,26.5,-0.1,34.817675607096604
1172,2013-12-25,21.088295294913657,69.89223583408395,24.75629743718781,0.0309151006635732,,52,2013,,,,2013,12,52,26.2,-0.4,26.2,-0.4,30.915100663573202
1173,2014-01-01,19.706754089343196,51.7245713924451,28.857525268866084,0.0059473529038801,,1,2014,,,,2014,1,1,25.9,-0.6,25.9,-0.6,5.947352903880099
1174,2014-01-08,21.626773654157592,74.16016945176366,23.801464374049203,0.1282578725602547,0.4018602040816326,2,2014,,,,2014,1,2,25.7,-0.8,25.7,-0.8,128.2578725602547
1175,2014-01-15,22.082037972041324,77.0905843322276,23.55861802133569,0.0490063664286789,0.2975336734693877,3,2014,,,,2014,1,3,25.8,-0.7,25.8,-0.7,49.0063664286789
1176,2014-01-22,22.652109527984823,71.89979544270625,25.269032259052324,0.0108663769266773,0.5198530612244898,4,2014,,,,2014,1,4,26.4,-0.1,26.4,-0.1,10.8663769266773
1177,2014-01-29,19.92781671588657,73.80581027930762,22.41653347145132,0.0446138210812543,0.2083066326530612,5,2014,,,,2014,1,5,26.1,-0.4,26.1,-0.4,44.6138210812543
1178,2014-02-05,22.939893830100875,79.91683989791308,23.53149074891803,0.0324097885811949,0.3984119047619047,6,2014,,,,2014,2,6,25.3,-1.3,25.3,-1.3,32.4097885811949
1179,2014-02-12,23.76674307923588,83.18218575684902,23.434153545146103,0.1351058744737169,0.3786540816326531,7,2014,,,,2014,2,7,25.6,-1.0,25.6,-1.0,135.1058744737169
1180,2014-02-19,20.610337931209237,81.24481940387798,21.350794261491277,0.0160674076479868,0.3848714285714285,8,2014,,,,2014,2,8,26.3,-0.4,26.3,-0.4,16.067407647986798
1181,2014-02-26,22.56312266626157,85.3230904618393,22.087971948117627,0.063445855684907,0.2676540816326531,9,2014,,,,2014,2,9,26.0,-0.9,26.0,-0.9,63.445855684907
1182,2014-03-05,17.215005403968085,81.18536879879544,18.538386657611056,0.0278737524429141,0.3281673469387755,10,2014,,,,2014,3,10,25.8,-1.2,25.8,-1.2,27.8737524429141
1183,2014-03-12,19.694510804087344,79.01058265565997,21.207365186522622,0.0225233758651291,0.381269387755102,11,2014,,,,2014,3,11,26.6,-0.5,26.6,-0.5,22.523375865129097
1184,2014-03-19,20.41372074836692,81.86033142148493,21.151421081127808,0.0284869844244732,0.2339066326530612,12,2014,,,,2014,3,12,27.1,-0.2,27.1,-0.2,28.4869844244732
1185,2014-03-26,16.127303120873798,76.37202150523142,18.54902990951024,0.0117654350865384,0.4169352040816326,13,2014,,,,2014,3,13,27.7,0.2,27.7,0.2,11.7654350865384
1186,2014-04-02,19.810722423601657,84.0034207548442,20.28841526784055,0.0266723581336155,0.3451780612244897,14,2014,,,,2014,4,14,27.8,0.3,27.8,0.3,26.6723581336155
1187,2014-04-09,24.05975119838348,87.59545007186973,22.695041521552525,0.0457234546961282,0.4438372448979592,15,2014,,,,2014,4,15,27.9,0.3,27.9,0.3,45.7234546961282
1188,2014-04-16,15.777146247658584,79.8478256481631,17.02072902082591,0.0333116968797411,0.3078637755102041,16,2014,,,,2014,4,16,28.0,0.3,28.0,0.3,33.3116968797411
1189,2014-04-23,16.922618606707577,82.00383077069932,18.01792795609458,0.012405047075122,0.1739938775510204,17,2014,,,,2014,4,17,28.0,0.2,28.0,0.2,12.405047075121999
1190,2014-04-30,17.06790908347897,85.16918987284087,17.612270804165178,0.0152200164737758,0.2286454081632652,18,2014,,,,2014,4,18,28.1,0.2,28.1,0.2,15.2200164737758
1191,2014-05-07,18.141810120680866,84.38830055813625,18.76823128940299,0.0112951169417507,0.3474464285714286,19,2014,,,,2014,5,19,28.3,0.4,28.3,0.4,11.295116941750699
1192,2014-05-14,18.830372502761293,89.7326857979254,18.30151375751109,0.0817788750626569,0.1340341836734694,20,2014,,,,2014,5,20,28.2,0.3,28.2,0.3,81.7788750626569
1193,2014-05-21,16.790412244945983,84.63972642060482,17.49460130289299,0.0132939835105843,0.4453454081632653,21,2014,,,,2014,5,21,28.4,0.6,28.4,0.6,13.2939835105843
1194,2014-05-28,11.71692543618398,81.14618057896868,12.01428528351039,0.0121520202196409,0.2438780612244898,22,2014,,,,2014,5,22,28.4,0.6,28.4,0.6,12.152020219640901
1195,2014-06-04,13.302494509284262,85.20969657092252,13.743390863120169,0.0040187964502251,0.3689984693877551,23,2014,,,,2014,6,23,28.3,0.5,28.3,0.5,4.0187964502251
1196,2014-06-11,14.191896227239685,87.8816432778965,14.2534528797176,0.0171183623405879,0.1598923469387755,24,2014,,,,2014,6,24,28.3,0.6,28.3,0.6,17.1183623405879
1197,2014-06-18,13.054659748448532,77.55787511649179,14.73794238551136,0.0056191659327282,0.2751404761904762,25,2014,,,,2014,6,25,28.3,0.6,28.3,0.6,5.6191659327282
1198,2014-06-25,13.352835427326578,85.7799729591995,13.606955970712306,0.0088915197747872,0.1039647959183673,26,2014,,,,2014,6,26,28.0,0.4,28.0,0.4,8.8915197747872
1199,2014-07-02,10.71378729065904,78.12962076413923,11.39712623803797,0.0233513039147997,0.2843306122448979,27,2014,,,,2014,7,27,27.5,0.0,27.5,0.0,23.3513039147997
1200,2014-07-09,11.68480084726002,81.01867757462017,12.455733910385504,0.0091141474535869,0.1724025510204081,28,2014,,,,2014,7,28,27.5,0.1,27.5,0.1,9.1141474535869
1201,2014-07-16,12.489700409689483,77.72369646114424,14.102481590322895,0.0009822396181939,0.3848285714285714,29,2014,,,,2014,7,29,27.2,-0.1,27.2,-0.1,0.9822396181938999
1202,2014-07-23,13.00567959191563,72.53402509959554,15.821445732376276,0.0053235702131862,0.4081816326530613,30,2014,,,,2014,7,30,26.9,-0.3,26.9,-0.3,5.3235702131862
1203,2014-07-30,8.460140191781136,66.51026302289797,10.47455531529016,0.0059436263932443,0.3620178571428571,31,2014,,,,2014,7,31,27.0,-0.1,27.0,-0.1,5.943626393244299
1204,2014-08-06,14.482820874618124,69.79658120686372,18.41665818869666,0.0016040716171253,0.3045785714285715,32,2014,,,,2014,8,32,26.9,-0.1,26.9,-0.1,1.6040716171253
1205,2014-08-13,10.080024569166074,57.44449286088536,15.523072412711484,0.001477709024698,0.2401160714285714,33,2014,,,,2014,8,33,26.6,-0.3,26.6,-0.3,1.477709024698
1206,2014-08-20,10.156684998008298,55.99246255681141,16.15398070406752,0.0011398213444197,0.3326724489795918,34,2014,,,,2014,8,34,26.8,-0.0,26.8,-0.0,1.1398213444197
1207,2014-08-27,11.452697900416632,51.99540280315063,19.88321445231537,5.077129791633946e-06,0.3284158163265306,35,2014,,,,2014,8,35,27.0,0.2,27.0,0.2,0.0050771297916339456
1208,2014-09-03,11.430530845285343,53.399201864470896,19.015476974175897,8.253183557270307e-06,0.3424311224489796,36,2014,,,,2014,9,36,26.9,0.2,26.9,0.2,0.008253183557270307
1209,2014-09-10,17.832014913110424,70.27982000636054,21.754482341948066,0.035688884147906,0.3513698979591836,37,2014,,,,2014,9,37,27.1,0.4,27.1,0.4,35.688884147905995
1210,2014-09-17,11.53543050581941,64.21890986189598,16.10117059305412,0.0039280390488717,0.2158061224489796,38,2014,,,,2014,9,38,27.1,0.5,27.1,0.5,3.9280390488716996
1211,2014-09-24,13.129635951947716,58.92939385770747,20.065665272304045,0.0004988391038572,0.357569387755102,39,2014,,,,2014,9,39,27.0,0.3,27.0,0.3,0.49883910385720004
1212,2014-10-01,14.363882384449,61.9097402625229,20.658670744604024,0.006555979555073,0.1291315476190476,40,2014,,,,2014,10,40,27.0,0.3,27.0,0.3,6.555979555073
1213,2014-10-08,17.25932542740445,67.98194064505391,21.73436701508615,0.0139147635249027,0.1617535714285714,41,2014,,,,2014,10,41,27.1,0.4,27.1,0.4,13.9147635249027
1214,2014-10-15,16.03170892585956,59.71284644196264,22.54141683773122,0.0052847117766821,0.2436897959183673,42,2014,,,,2014,10,42,27.2,0.5,27.2,0.5,5.2847117766821
1215,2014-10-22,18.79057892225355,63.27792124589683,24.84222215665443,0.0164861316609038,0.2430547619047619,43,2014,,,,2014,10,43,27.1,0.4,27.1,0.4,16.4861316609038
1216,2014-10-29,16.871501407884224,54.55658755081964,25.855022710683443,0.003140232469905,0.3170979591836735,44,2014,,,,2014,10,44,27.3,0.5,27.3,0.5,3.140232469905
1217,2014-11-05,18.82927999582476,70.66343601098443,22.88709254621648,0.0437648178644215,0.1484505102040816,45,2014,,,,2014,11,45,27.5,0.7,27.5,0.7,43.764817864421495
1218,2014-11-12,19.22012031153228,69.33612808157272,22.979069659174684,0.0296652472619598,0.3724709183673469,46,2014,,,,2014,11,46,27.5,0.8,27.5,0.8,29.6652472619598
1219,2014-11-19,15.555863618630658,65.34657497882532,21.058026405905423,0.0175882317484981,0.3381571428571428,47,2014,,,,2014,11,47,27.6,0.9,27.6,0.9,17.5882317484981
1220,2014-11-26,17.501647227080145,62.5245960884016,23.51994207732531,0.0090885591411539,0.1605117346938775,48,2014,,,,2014,11,48,27.5,0.8,27.5,0.8,9.088559141153901
1221,2014-12-03,17.405784757668158,67.92087130285043,21.521036467260277,0.0227374000205549,0.1460897959183673,49,2014,,,,2014,12,49,27.3,0.7,27.3,0.7,22.7374000205549
1222,2014-12-10,15.45791421118915,50.07539921370308,25.494612941612218,0.0019499704237659,0.3714132653061224,50,2014,,,,2014,12,50,27.3,0.7,27.3,0.7,1.9499704237659001
1223,2014-12-17,23.078166075425425,84.99196214846043,22.69861872147544,0.061712230639947,0.0376244897959183,51,2014,,,,2014,12,51,27.3,0.7,27.3,0.7,61.712230639946995
1224,2014-12-24,18.49058789201892,72.03217531458053,21.536383837745348,0.0158303578454379,0.2289275510204082,52,2014,,,,2014,12,52,27.1,0.5,27.1,0.5,15.8303578454379
1225,2014-12-31,20.631450733399443,69.14631666876582,24.267490446648708,0.0124298847798272,0.3457311224489797,1,2014,,,,2014,12,1,26.8,0.3,26.8,0.3,12.4298847798272
1226,2015-01-07,19.992212287650705,72.64779240498359,22.734111560120937,0.0339565134481826,0.4852219387755102,2,2015,,,,2015,1,2,26.7,0.2,26.7,0.2,33.956513448182605
1227,2015-01-14,24.289556319370572,80.48544607832085,24.416502240239424,0.041309694358761,0.3619030612244898,3,2015,,,,2015,1,3,26.8,0.4,26.8,0.4,41.309694358761
1228,2015-01-21,23.392945387180973,83.97279896961497,23.009985912089405,0.083726344599784,0.2449352040816326,4,2015,,,,2015,1,4,27.3,0.8,27.3,0.8,83.726344599784
1229,2015-01-28,22.95520268983425,81.17545001725163,23.307767356820705,0.016520465775784,0.3927872448979592,5,2015,,,,2015,1,5,27.3,0.8,27.3,0.8,16.520465775784
1230,2015-02-04,23.4554101492586,78.13624458801159,24.295736683955795,0.0254265853750941,0.5104132653061223,6,2015,,,,2015,2,6,27.4,0.9,27.4,0.9,25.4265853750941
1231,2015-02-11,24.15596298034514,77.66508271263453,24.900116104333563,0.0298282290437766,0.264909693877551,7,2015,,,,2015,2,7,27.3,0.7,27.3,0.7,29.828229043776602
1232,2015-02-18,21.757399087281403,80.48355389291237,22.534417672708685,0.0577497682542928,0.3086454081632653,8,2015,,,,2015,2,8,27.3,0.6,27.3,0.6,57.7497682542928
1233,2015-02-25,20.22427533673441,81.53894515707903,20.97464100325192,0.0214469996627469,0.2718198979591836,9,2015,,,,2015,2,9,27.6,0.8,27.6,0.8,21.4469996627469
1234,2015-03-04,23.10595359723623,85.5819178048158,22.434458448448996,0.0677215837147774,0.4533586734693878,10,2015,,,,2015,3,10,27.5,0.5,27.5,0.5,67.72158371477741
1235,2015-03-11,24.374748434044356,85.30189250800873,23.4155783828424,0.0704513675850648,0.5751015306122449,11,2015,,,,2015,3,11,27.3,0.2,27.3,0.2,70.4513675850648
1236,2015-03-18,24.434635176467356,85.07726779129125,23.481317891231186,0.0413459189617323,0.5032035714285715,12,2015,,,,2015,3,12,27.6,0.4,27.6,0.4,41.3459189617323
1237,2015-03-25,21.20150148193977,84.20173386582572,21.21140966091025,0.0331797237291456,0.2567724489795919,13,2015,,,,2015,3,13,27.9,0.5,27.9,0.5,33.1797237291456
1238,2015-04-01,17.293039504242145,83.24851400857705,18.16583440871466,0.0235080543823593,0.3591295918367347,14,2015,,,,2015,4,14,28.2,0.6,28.2,0.6,23.5080543823593
1239,2015-04-08,19.63082872123365,85.02086375369583,19.85837157372714,0.0249196030309641,0.2985428571428571,15,2015,,,,2015,4,15,28.3,0.7,28.3,0.7,24.9196030309641
1240,2015-04-15,20.898449066382053,85.09380473545752,20.89065643362449,0.0106055875587246,0.4559469387755102,16,2015,,,,2015,4,16,28.8,1.0,28.8,1.0,10.605587558724599
1241,2015-04-22,19.577084609414676,83.54689010284241,20.119709801187295,0.0199982666142822,0.2456362244897959,17,2015,,,,2015,4,17,28.8,1.0,28.8,1.0,19.998266614282198
1242,2015-04-29,18.65998203629613,87.24947225171233,18.5794636032208,0.034283517591364,0.1319622448979591,18,2015,,,,2015,4,18,28.8,1.0,28.8,1.0,34.283517591363996
1243,2015-05-06,18.693621519175867,85.48681797329506,18.62156914172533,0.0209757647717085,0.1828086734693877,19,2015,,,,2015,5,19,28.7,0.8,28.7,0.8,20.9757647717085
1244,2015-05-13,14.407444435743423,81.12033481832002,15.73974575120576,0.0068358843064402,0.1970260204081632,20,2015,,,,2015,5,20,28.7,0.8,28.7,0.8,6.8358843064402
1245,2015-05-20,16.704482468994872,86.3603056714032,17.11348514946144,0.0084190572176078,0.441795918367347,21,2015,,,,2015,5,21,28.5,0.7,28.5,0.7,8.4190572176078
1246,2015-05-27,18.688090635723,90.01884867252913,18.14460098629911,0.0352899485399963,0.2971602040816327,22,2015,,,,2015,5,22,28.8,1.0,28.8,1.0,35.2899485399963
1247,2015-06-03,13.885161724883972,85.20305477210495,14.43896579872188,0.0092229283279624,0.1913045918367346,23,2015,,,,2015,6,23,28.7,1.0,28.7,1.0,9.2229283279624
1248,2015-06-10,18.854255462551933,88.38417201735506,18.562849597541685,0.0111533459954118,0.4921071428571428,24,2015,,,,2015,6,24,28.7,0.9,28.7,0.9,11.1533459954118
1249,2015-06-17,13.769699918282962,82.0148050480718,14.45765804887634,0.0128645299302187,0.2454336734693877,25,2015,,,,2015,6,25,28.7,1.1,28.7,1.1,12.8645299302187
1250,2015-06-24,10.099848125433308,72.7567589481739,11.932980914991733,0.0010894034587524,0.3125617346938775,26,2015,,,,2015,6,26,28.8,1.3,28.8,1.3,1.0894034587524
1251,2015-07-01,15.1674585936308,87.64182956220235,15.144441041492314,0.0141109847596208,0.1155821428571428,27,2015,,,,2015,7,27,28.7,1.2,28.7,1.2,14.1109847596208
1252,2015-07-08,11.88991707521105,82.04729942505264,12.489318076931738,0.0137849524015192,0.1470561224489796,28,2015,,,,2015,7,28,28.7,1.3,28.7,1.3,13.784952401519199
1253,2015-07-15,12.416914844097873,78.70658342398826,13.82074982260366,0.0057142815416259,0.2896045918367346,29,2015,,,,2015,7,29,28.7,1.4,28.7,1.4,5.7142815416259
1254,2015-07-22,10.629459332201783,77.279190149989,11.74030673228151,0.0013608432238615,0.2463637755102041,30,2015,,,,2015,7,30,28.3,1.2,28.3,1.2,1.3608432238614998
1255,2015-07-29,10.838739923486038,70.9181521486752,13.24935855476224,0.0001012699351297,0.398444387755102,31,2015,,,,2015,7,31,28.4,1.3,28.4,1.3,0.1012699351297
1256,2015-08-05,16.435516208194404,72.53598789276988,19.8567372873527,0.0020120565026883,0.3265984693877551,32,2015,,,,2015,8,32,28.5,1.5,28.5,1.5,2.0120565026883
1257,2015-08-12,17.18780458334428,79.7531739085418,19.020846536856936,0.0533285146860293,0.1691734693877551,33,2015,,,,2015,8,33,28.6,1.7,28.6,1.7,53.3285146860293
1258,2015-08-19,11.534918840330684,82.98693865866792,12.008123548339086,0.0169331699606232,0.1041852040816326,34,2015,,,,2015,8,34,28.6,1.8,28.6,1.8,16.9331699606232
1259,2015-08-26,12.854018376060925,72.24995700774097,15.84868285250502,0.0032936014453735,0.2148464285714285,35,2015,,,,2015,8,35,28.6,1.9,28.6,1.9,3.2936014453735
1260,2015-09-02,14.658952914886472,61.64753064394507,20.837478113498832,0.0002033553748783,0.2864285714285715,36,2015,,,,2015,9,36,28.4,1.7,28.4,1.7,0.20335537487830002
1261,2015-09-09,12.657683746684407,61.48082144195661,18.471659454034352,0.0014839471079751,0.2148295918367346,37,2015,,,,2015,9,37,28.3,1.7,28.3,1.7,1.4839471079751
1262,2015-09-16,9.299766592928892,49.55496669336529,17.165744049695093,0.000759152950153,0.2607795918367347,38,2015,,,,2015,9,38,28.6,2.0,28.6,2.0,0.759152950153
1263,2015-09-23,14.870115633835535,58.46584413026624,22.025599312295757,0.0017433357289553,0.2720219387755102,39,2015,,,,2015,9,39,28.7,2.0,28.7,2.0,1.7433357289553
1264,2015-09-30,14.941180293170726,71.51221930551499,18.559563741878662,0.0158226747707561,0.1837005952380952,40,2015,,,,2015,9,40,28.7,2.0,28.7,2.0,15.8226747707561
1265,2015-10-07,15.05372295568565,65.79677529755558,20.07754638049073,0.0044099631050877,0.1959535714285714,41,2015,,,,2015,10,41,28.8,2.1,28.8,2.1,4.4099631050877
1266,2015-10-14,12.18353911435981,63.70016590502003,16.685283123717056,0.0108759090300978,0.1259275510204081,42,2015,,,,2015,10,42,28.9,2.2,28.9,2.2,10.8759090300978
1267,2015-10-21,12.631321922686404,53.355983848543794,21.076636614118343,1.570907242002103e-05,0.1896454081632653,43,2015,,,,2015,10,43,29.1,2.3,29.1,2.3,0.015709072420021033
1268,2015-10-28,16.028141336442268,53.75819811162551,24.672457034571664,0.0037430754726496,0.1810877551020408,44,2015,,,,2015,10,44,29.2,2.5,29.2,2.5,3.7430754726495996
1269,2015-11-04,18.6508585293414,79.40470423819403,20.33825375563441,0.0616973086332553,0.0792209183673469,45,2015,,,,2015,11,45,29.4,2.6,29.4,2.6,61.697308633255304
1270,2015-11-11,16.795489790936188,78.63079006270664,18.662531477740004,0.0256723740063747,0.1558173469387755,46,2015,,,,2015,11,46,29.5,2.8,29.5,2.8,25.6723740063747
1271,2015-11-18,18.540251129809143,69.3976734658467,22.715756015388365,0.007673950465484,0.3050591836734693,47,2015,,,,2015,11,47,29.8,3.0,29.8,3.0,7.673950465484
1272,2015-11-25,17.364039133718933,69.5408995137069,21.190145526289143,0.0214487007676825,0.3232484693877551,48,2015,,,,2015,11,48,29.6,2.9,29.6,2.9,21.4487007676825
1273,2015-12-02,18.58888246794169,72.24178836761685,21.440577884596223,0.0260301562351189,0.1147714285714285,49,2015,,,,2015,12,49,29.3,2.6,29.3,2.6,26.0301562351189
1274,2015-12-09,18.525609991383547,71.62894485719863,22.0177171486576,0.0467885100029791,0.3412234693877551,50,2015,,,,2015,12,50,29.0,2.4,29.0,2.4,46.7885100029791
1275,2015-12-16,21.44665918080361,73.46065365560874,24.03253840232378,0.0403918747672784,0.4858928571428572,51,2015,,,,2015,12,51,29.1,2.5,29.1,2.5,40.3918747672784
1276,2015-12-23,19.53788115876209,69.57785335324948,23.13956657202067,0.0153316020319509,0.3062255102040816,52,2015,,,,2015,12,52,29.0,2.5,29.0,2.5,15.3316020319509
1277,2015-12-30,23.010527066308907,74.5949043254476,24.915211899426534,0.0356483838380735,0.363019387755102,53,2015,,,,2015,12,53,28.8,2.3,28.8,2.3,35.6483838380735
1278,2016-01-06,22.737350028501787,70.60244551602726,25.7025396593574,0.0198907643553525,0.2898908163265306,1,2016,,,,2016,1,1,28.8,2.3,28.8,2.3,19.8907643553525
1279,2016-01-13,23.44190207721261,75.35314560009456,24.959798755775523,0.047137555479594,0.5665938775510204,2,2016,,,,2016,1,2,29.1,2.7,29.1,2.7,47.137555479594
1280,2016-01-20,23.504224339602388,79.42024886068558,24.09400925149725,0.0589787538933396,0.5935780612244898,3,2016,,,,2016,1,3,29.1,2.7,29.1,2.7,58.9787538933396
1281,2016-01-27,20.90395983969648,63.853231905553095,26.16482390319408,0.0039777907128788,0.536870918367347,4,2016,,,,2016,1,4,29.2,2.7,29.2,2.7,3.9777907128788006
1282,2016-02-03,20.537846976367977,76.21676740022998,22.4961601257325,0.026046806756418,0.309859693877551,5,2016,,,,2016,2,5,29.1,2.6,29.1,2.6,26.046806756418
1283,2016-02-10,23.87239368744747,81.13001150931852,23.93852037442781,0.0579549142343743,0.5326755102040817,6,2016,,,,2016,2,6,29.1,2.5,29.1,2.5,57.9549142343743
1284,2016-02-17,26.19789884062721,79.4415414902321,25.901836986931016,0.1182606273639815,0.6176755102040816,7,2016,,,,2016,2,7,28.9,2.2,28.9,2.2,118.2606273639815
1285,2016-02-24,26.22585327581428,85.21611802207876,24.63307025935376,0.1024572062952172,0.4068290816326531,8,2016,,,,2016,2,8,28.8,2.0,28.8,2.0,102.4572062952172
1286,2016-03-02,24.374027822157085,84.387366999815,23.5642066047306,0.0762277361372797,0.4034913265306122,9,2016,,,,2016,3,9,28.9,2.0,28.9,2.0,76.2277361372797
1287,2016-03-09,21.66207241455329,89.28541383088445,20.639395702128525,0.1083333801248289,0.0943107142857142,10,2016,,,,2016,3,10,28.9,1.8,28.9,1.8,108.3333801248289
1288,2016-03-16,18.73822846847052,80.85458852936678,20.06199126470659,0.0153610301460582,0.5701622448979592,11,2016,,,,2016,3,11,28.8,1.6,28.8,1.6,15.3610301460582
1289,2016-03-23,20.43030046467184,83.85057685606714,20.58287169787349,0.026310485096729,0.2876698979591837,12,2016,,,,2016,3,12,28.7,1.4,28.7,1.4,26.310485096729
1290,2016-03-30,17.316105091608375,81.70073265228703,18.50482310859519,0.0106758267446593,0.2427198979591836,13,2016,,,,2016,3,13,28.8,1.3,28.8,1.3,10.6758267446593
1291,2016-04-06,23.97908966930782,88.06618594344197,22.507816802563298,0.05275007509225,0.3378622448979592,14,2016,,,,2016,4,14,28.8,1.1,28.8,1.1,52.75007509225
1292,2016-04-13,21.12354214934195,88.70368040983607,20.247884278070387,0.0338150652805343,0.0639362244897959,15,2016,,,,2016,4,15,28.9,1.1,28.9,1.1,33.815065280534306
1293,2016-04-20,21.414758462400087,89.8242262981421,20.269322150094183,0.0466761648776322,0.2625382653061224,16,2016,,,,2016,4,16,28.8,1.0,28.8,1.0,46.6761648776322
1294,2016-04-27,16.218226120260095,82.49429959096298,16.95106468200686,0.0120741302594607,0.2961801020408163,17,2016,,,,2016,4,17,28.6,0.7,28.6,0.7,12.0741302594607
1295,2016-05-04,10.986241046294989,76.62312549004737,12.31319591755772,0.0024621216076151,0.3884841836734694,18,2016,,,,2016,5,18,28.5,0.6,28.5,0.6,2.4621216076151
1296,2016-05-11,15.55262382942737,88.90030648967813,15.415027146112436,0.0262648400445658,0.0971071428571428,19,2016,,,,2016,5,19,28.3,0.4,28.3,0.4,26.2648400445658
1297,2016-05-18,14.927971631291497,89.11463951995839,14.669138144149258,0.0257128227562084,0.0621454081632653,20,2016,,,,2016,5,20,27.9,0.0,27.9,0.0,25.7128227562084
1298,2016-05-25,11.181791423202329,85.22166171981347,11.076426520315238,0.0118637977519629,0.1863867346938775,21,2016,,,,2016,5,21,27.7,-0.2,27.7,-0.2,11.8637977519629
1299,2016-06-01,11.922561383664554,85.09738537282742,12.029262991665178,0.0102218746958361,0.1335464285714285,22,2016,,,,2016,6,22,27.6,-0.2,27.6,-0.2,10.2218746958361
1300,2016-06-08,11.709003518200385,89.6925503929834,10.94707391180964,0.0319154195428968,0.1292168367346938,23,2016,,,,2016,6,23,27.8,0.1,27.8,0.1,31.915419542896796
1301,2016-06-15,9.530097835683565,77.86819066458283,10.144695769848454,0.002081489975477,0.1854178571428571,24,2016,,,,2016,6,24,28.0,0.4,28.0,0.4,2.081489975477
1302,2016-06-22,10.736890115947814,78.66384507262761,11.717049080984964,0.0020401403414455,0.1757668367346939,25,2016,,,,2016,6,25,27.3,-0.3,27.3,-0.3,2.0401403414455
1303,2016-06-29,9.72721114064774,80.70743564174778,9.86675304750196,0.0100134619642976,0.2351102040816326,26,2016,,,,2016,6,26,27.3,-0.2,27.3,-0.2,10.0134619642976
1304,2016-07-06,13.383095635964652,88.8709999632121,12.91451583395201,0.0215562232402035,0.2139341836734694,27,2016,,,,2016,7,27,27.0,-0.4,27.0,-0.4,21.556223240203497
1305,2016-07-13,11.70447958833406,75.7130601693244,13.253432391938702,0.0027647049276521,0.3579051020408163,28,2016,,,,2016,7,28,26.7,-0.6,26.7,-0.6,2.7647049276521
1306,2016-07-20,11.620519804610508,81.4317731232743,12.170584147965826,0.0071757446421461,0.1199515306122449,29,2016,,,,2016,7,29,26.6,-0.6,26.6,-0.6,7.1757446421461
1307,2016-07-27,11.129730517638588,72.29613782858132,13.533945156279117,0.000439046710171,0.3481964285714285,30,2016,,,,2016,7,30,26.5,-0.5,26.5,-0.5,0.439046710171
1308,2016-08-03,11.461592563131063,72.16299026645153,13.940351974072088,0.0017718485802673,0.3075454081632652,31,2016,,,,2016,8,31,26.5,-0.5,26.5,-0.5,1.7718485802673
1309,2016-08-10,14.159295298374074,76.31086726642853,16.629797352901107,0.0101943127607714,0.3270438775510204,32,2016,,,,2016,8,32,26.3,-0.6,26.3,-0.6,10.1943127607714
1310,2016-08-17,11.970489830857884,58.13673412827311,18.459622137887152,1.1476209369476464e-05,0.4284970238095238,33,2016,,,,2016,8,33,26.3,-0.5,26.3,-0.5,0.011476209369476464
1311,2016-08-24,8.875385121217722,52.2063442949823,15.297387500685147,0.0004495691026283,0.3496178571428571,34,2016,,,,2016,8,34,26.1,-0.6,26.1,-0.6,0.44956910262829997
1312,2016-08-31,10.083538261288586,52.45293926449219,17.76150492713566,0.0150795160331606,0.2099795918367347,35,2016,,,,2016,8,35,26.3,-0.4,26.3,-0.4,15.079516033160601
1313,2016-09-07,8.07632504492663,60.3957386881378,11.616637270142462,0.0051722282718163,0.1763107142857143,36,2016,,,,2016,9,36,26.2,-0.4,26.2,-0.4,5.1722282718163
1314,2016-09-14,9.343402309839547,43.45768454696502,19.146223737755637,9.309013234672291e-06,0.2708836734693878,37,2016,,,,2016,9,37,26.1,-0.5,26.1,-0.5,0.009309013234672292
1315,2016-09-21,10.520139243844255,47.93805719928325,19.93469835917159,0.0004589182683178,0.2693239795918367,38,2016,,,,2016,9,38,26.4,-0.3,26.4,-0.3,0.45891826831779997
1316,2016-09-28,12.388540861260587,56.58796009649669,19.81565124615525,0.0036833359505327,0.2250755102040816,39,2016,,,,2016,9,39,26.2,-0.5,26.2,-0.5,3.6833359505327
1317,2016-10-05,16.753237587244968,64.90154642492159,22.351897279908087,0.0278698631767692,0.2188690476190476,40,2016,,,,2016,10,40,25.9,-0.8,25.9,-0.8,27.8698631767692
1318,2016-10-12,14.381665721432537,66.14911132665972,19.26168578790157,0.0167550519994392,0.2646102040816326,41,2016,,,,2016,10,41,26.1,-0.6,26.1,-0.6,16.7550519994392
1319,2016-10-19,18.554814101668093,65.69459097999427,23.9223026042082,0.0271565211856911,0.1895903061224489,42,2016,,,,2016,10,42,25.9,-0.8,25.9,-0.8,27.1565211856911
1320,2016-10-26,16.148123414966573,74.01683320614367,19.15889130936188,0.0172401785846432,0.1341341836734693,43,2016,,,,2016,10,43,26.0,-0.7,26.0,-0.7,17.2401785846432
1321,2016-11-02,11.729614908917874,48.58462617238179,21.683214896065863,0.0003302382341604,0.3809974489795918,44,2016,,,,2016,11,44,26.0,-0.8,26.0,-0.8,0.3302382341604
1322,2016-11-09,11.233466074748751,41.18909212176534,23.433426001931537,0.0149296408519441,0.3251770408163265,45,2016,,,,2016,11,45,26.0,-0.7,26.0,-0.7,14.9296408519441
1323,2016-11-16,19.337878085452758,70.40190674688795,23.15790055203604,0.0351359007153746,0.3396479591836734,46,2016,,,,2016,11,46,26.1,-0.6,26.1,-0.6,35.135900715374596
1324,2016-11-23,15.4311170319224,73.02126012677077,18.66552053957577,0.050622390707604,0.1444704081632653,47,2016,,,,2016,11,47,26.1,-0.6,26.1,-0.6,50.622390707604
1325,2016-11-30,20.062871244584706,81.89783014700586,20.869893814917305,0.040142095083695,0.1694408163265306,48,2016,,,,2016,11,48,26.2,-0.5,26.2,-0.5,40.142095083695
1326,2016-12-07,21.46243579009121,78.54546822522533,22.74922064177844,0.0223839659773505,0.3301448979591836,49,2016,,,,2016,12,49,26.2,-0.4,26.2,-0.4,22.383965977350503
1327,2016-12-14,19.563243268451966,75.7631384562128,21.98720387828598,0.0455606205876344,0.3194392857142857,50,2016,,,,2016,12,50,26.1,-0.5,26.1,-0.5,45.5606205876344
1328,2016-12-21,19.29216513243164,69.99789127394385,23.19605428475103,0.0489875572064321,0.4892413265306122,51,2016,,,,2016,12,51,26.1,-0.4,26.1,-0.4,48.9875572064321
1329,2016-12-28,22.665161350049456,69.9444437681173,25.845156800665904,0.026931819319202,0.2688479591836734,52,2016,,,,2016,12,52,26.3,-0.2,26.3,-0.2,26.931819319202003
1330,2017-01-04,22.6495865732735,70.24962434571992,25.75630269212792,0.0092861321464121,0.4572551020408164,1,2017,,,,2017,1,1,26.1,-0.4,26.1,-0.4,9.2861321464121
1331,2017-01-11,24.70328445144544,77.00962702760333,25.610599058501634,0.0571340717705522,0.1964678571428571,2,2017,,,,2017,1,2,26.2,-0.3,26.2,-0.3,57.1340717705522
1332,2017-01-18,24.787791454866056,75.87129687935517,25.83306042158688,0.0291174651203099,0.6294851190476191,3,2017,,,,2017,1,3,26.4,-0.1,26.4,-0.1,29.117465120309898
1333,2017-01-25,21.987325259038364,67.60173440451965,26.05082642431978,0.0230905451226947,0.5657994897959184,4,2017,,,,2017,1,4,26.2,-0.3,26.2,-0.3,23.0905451226947
1334,2017-02-01,18.519928607295924,61.227548034236,24.954469623695445,0.0021777602982037,0.5641433673469387,5,2017,,,,2017,2,5,26.1,-0.4,26.1,-0.4,2.1777602982037
1335,2017-02-08,19.338354722100508,66.35017670168502,24.00036246890113,0.0249308127916962,0.2247107142857143,6,2017,,,,2017,2,6,26.4,-0.2,26.4,-0.2,24.930812791696198
1336,2017-02-15,20.991236854537693,77.25159491738508,22.64246043510184,0.03817475135615,0.4417510204081632,7,2017,,,,2017,2,7,27.1,0.4,27.1,0.4,38.17475135615
1337,2017-02-22,22.237782900803648,71.65754172134963,25.05766836931917,0.0291370108258531,0.467184693877551,8,2017,,,,2017,2,8,27.0,0.2,27.0,0.2,29.1370108258531
1338,2017-03-01,22.72063575171789,74.61554165330881,24.76797143585827,0.0369226715390286,0.4787510204081633,9,2017,,,,2017,3,9,27.0,0.1,27.0,0.1,36.9226715390286
1339,2017-03-08,22.81661471359788,78.60482474531771,23.734512765066995,0.0210555685905059,0.3705336734693877,10,2017,,,,2017,3,10,27.1,0.1,27.1,0.1,21.055568590505903
1340,2017-03-15,22.268820133788378,81.20561733881422,22.621439636645675,0.0936163246119008,0.2935464285714285,11,2017,,,,2017,3,11,27.4,0.2,27.4,0.2,93.6163246119008
1341,2017-03-22,17.838411572782583,78.96062556624895,19.561471609517863,0.0160555592507322,0.2862321428571429,12,2017,,,,2017,3,12,27.6,0.2,27.6,0.2,16.0555592507322
1342,2017-03-29,21.72102391477896,85.096149571006,21.549411236509968,0.0477317369591056,0.4816367346938775,13,2017,,,,2017,3,13,27.7,0.2,27.7,0.2,47.731736959105596
1343,2017-04-05,23.4969828842408,91.26445212319884,21.612658476018566,0.0671597565505359,0.1887515306122448,14,2017,,,,2017,4,14,27.9,0.2,27.9,0.2,67.15975655053589
1344,2017-04-12,17.961540775612217,81.1014447639137,19.057687624457746,0.0207454659699252,0.2995612244897959,15,2017,,,,2017,4,15,28.0,0.3,28.0,0.3,20.7454659699252
1345,2017-04-19,16.303086245836568,84.19600988698373,17.026497439948855,0.0215189279880826,0.2404510204081633,16,2017,,,,2017,4,16,28.3,0.5,28.3,0.5,21.5189279880826
1346,2017-04-26,16.80439834334473,85.13199313861045,17.441378516891405,0.0163332766368071,0.3680877551020409,17,2017,,,,2017,4,17,28.3,0.4,28.3,0.4,16.3332766368071
1347,2017-05-03,13.400382540584756,75.50578924483693,15.640052958897172,0.0094482780773757,0.4426163265306121,18,2017,,,,2017,5,18,28.2,0.3,28.2,0.3,9.4482780773757
1348,2017-05-10,18.360564401152185,84.4876590803691,18.949364832145022,0.0167947058136697,0.2886765306122449,19,2017,,,,2017,5,19,28.3,0.4,28.3,0.4,16.7947058136697
1349,2017-05-17,15.263239828730429,86.41575788487906,15.637227072683345,0.0171922059733594,0.131413775510204,20,2017,,,,2017,5,20,28.2,0.3,28.2,0.3,17.1922059733594
1350,2017-05-24,13.411291594973818,82.72798870644375,14.241259290734092,0.0106186206843373,0.2569428571428572,21,2017,,,,2017,5,21,28.3,0.5,28.3,0.5,10.618620684337301
1351,2017-05-31,13.348347565182827,87.04345846508923,13.08247934198704,0.0180809300269696,0.0186974489795918,22,2017,,,,2017,5,22,28.2,0.4,28.2,0.4,18.0809300269696
1352,2017-06-07,12.483420338523796,84.60740187169209,12.87085129095584,0.0135908584095838,0.2749556122448979,23,2017,,,,2017,6,23,28.1,0.3,28.1,0.3,13.5908584095838
1353,2017-06-14,11.069793436181236,76.28165977959813,12.798285278008962,0.0046584023305789,0.4994801020408163,24,2017,,,,2017,6,24,28.1,0.4,28.1,0.4,4.6584023305789
1354,2017-06-21,13.440591769969656,79.36686033193054,14.227452863317012,0.0040097820442969,0.367275,25,2017,,,,2017,6,25,28.0,0.5,28.0,0.5,4.0097820442969
1355,2017-06-28,14.438958075593382,82.62829600435684,15.065047083744387,0.0046410461713125,0.3468040816326531,26,2017,,,,2017,6,26,28.0,0.4,28.0,0.4,4.6410461713125
1356,2017-07-05,13.649000341388875,84.56087387384427,14.239370795009904,0.0159787670521822,0.125184693877551,27,2017,,,,2017,7,27,27.9,0.5,27.9,0.5,15.978767052182201
1357,2017-07-12,15.555373851211888,87.58155910378288,15.724297226367412,0.0199779073672792,0.1623576530612244,28,2017,,,,2017,7,28,27.7,0.3,27.7,0.3,19.9779073672792
1358,2017-07-19,12.211347757283804,74.27989782342584,13.05358644861758,0.005759425210494,0.249544387755102,29,2017,,,,2017,7,29,27.4,0.2,27.4,0.2,5.759425210494
1359,2017-07-26,10.505428826275182,66.53889812108815,13.661340902938376,0.0010460979161816,0.4154918367346939,30,2017,,,,2017,7,30,27.2,0.1,27.2,0.1,1.0460979161816
1360,2017-08-02,15.47355523645934,78.97603432865105,17.371843579350696,0.0097128288697361,0.2587265306122449,31,2017,,,,2017,8,31,27.1,0.1,27.1,0.1,9.7128288697361
1361,2017-08-09,11.717615933634304,68.1451275815098,15.325552954641353,0.0032423996498483,0.4218117346938776,32,2017,,,,2017,8,32,26.8,-0.1,26.8,-0.1,3.2423996498483003
1362,2017-08-16,14.067051949878202,77.02601877373117,16.146104236524934,0.0244977301272797,0.2556484693877551,33,2017,,,,2017,8,33,26.7,-0.1,26.7,-0.1,24.4977301272797
1363,2017-08-23,10.213021637267843,58.96145519765901,15.599613405084996,0.0009306053906113,0.3301734693877551,34,2017,,,,2017,8,34,26.7,-0.1,26.7,-0.1,0.9306053906113
1364,2017-08-30,13.997005211354557,60.48335705519547,20.27710733738081,5.014815483609222e-05,0.3133433673469387,35,2017,,,,2017,8,35,26.5,-0.2,26.5,-0.2,0.05014815483609222
1365,2017-09-06,12.31715229860736,56.965044970186845,18.988487965071272,0.0047055465004812,0.2676785714285714,36,2017,,,,2017,9,36,26.3,-0.4,26.3,-0.4,4.7055465004812
1366,2017-09-13,12.677209930815492,62.279687621826056,18.01088466255038,0.0027522593106711,0.2216,37,2017,,,,2017,9,37,26.4,-0.3,26.4,-0.3,2.7522593106711
1367,2017-09-20,10.230875023088972,54.42215426942148,17.37296978437979,0.0016606784758046,0.2765454081632653,38,2017,,,,2017,9,38,26.3,-0.4,26.3,-0.4,1.6606784758046
1368,2017-09-27,12.717697010855929,51.612301151300656,21.55366781585076,7.493921672871043e-05,0.3080331632653061,39,2017,,,,2017,9,39,26.6,-0.1,26.6,-0.1,0.07493921672871043
1369,2017-10-04,11.703076954760196,53.49523176544069,19.903004595698174,0.0046366407595834,0.2922,40,2017,,,,2017,10,40,26.7,0.0,26.7,0.0,4.6366407595834
1370,2017-10-11,14.567754769976808,56.41549866764637,22.581934930191608,0.0210060211488379,0.1509209183673469,41,2017,,,,2017,10,41,26.3,-0.4,26.3,-0.4,21.0060211488379
1371,2017-10-18,13.651748557055615,65.35569163819741,18.52900762752614,0.0130284673399191,0.1953576530612245,42,2017,,,,2017,10,42,26.0,-0.7,26.0,-0.7,13.0284673399191
1372,2017-10-25,15.779717194826532,66.24885214125663,20.870287649972116,0.017830811954736,0.2376454081632653,43,2017,,,,2017,10,43,26.2,-0.5,26.2,-0.5,17.830811954736
1373,2017-11-01,17.05639347539454,62.66015449417589,23.206515663821733,0.030807734017779,0.3233857142857142,44,2017,,,,2017,11,44,26.2,-0.6,26.2,-0.6,30.807734017779
1374,2017-11-08,17.698675171419527,68.51473976633619,22.06973975823854,0.0121746328403737,0.239873469387755,45,2017,,,,2017,11,45,25.8,-1.0,25.8,-1.0,12.1746328403737
1375,2017-11-15,17.438650213447684,67.56978114234178,22.200047922458797,0.0158342761340024,0.2856882653061224,46,2017,,,,2017,11,46,25.9,-0.9,25.9,-0.9,15.834276134002401
1376,2017-11-22,13.914759455840027,50.40727571276149,23.420938940761857,0.0012269526037422,0.3358908163265307,47,2017,,,,2017,11,47,25.7,-1.0,25.7,-1.0,1.2269526037422
1377,2017-11-29,13.961130940279736,48.7626278403984,24.12455486894464,0.0002535779908013,0.3723265306122449,48,2017,,,,2017,11,48,25.5,-1.1,25.5,-1.1,0.2535779908013
1378,2017-12-06,20.08340000697108,76.5411429055863,22.34597506620452,0.0731989854144349,0.1676724489795918,49,2017,,,,2017,12,49,25.6,-1.0,25.6,-1.0,73.1989854144349
1379,2017-12-13,21.38602478403359,74.10201019261865,23.786024840997182,0.0326184177459936,0.3010209183673469,50,2017,,,,2017,12,50,25.6,-1.0,25.6,-1.0,32.6184177459936
1380,2017-12-20,21.90248008070222,70.78904951917136,25.00261611159965,0.041112619612118,0.3504698979591837,51,2017,,,,2017,12,51,25.6,-1.0,25.6,-1.0,41.112619612117996
1381,2017-12-27,22.330086740889403,78.65136993304183,23.38630082785681,0.0611761159996636,0.3733464285714285,52,2017,,,,2017,12,52,25.7,-0.8,25.7,-0.8,61.1761159996636
1382,2018-01-03,21.84064577295627,72.31231163944292,24.575331429721587,0.0135127587837163,0.4142301020408164,1,2018,,,,2018,1,1,25.5,-1.0,25.5,-1.0,13.5127587837163
1383,2018-01-10,19.120843543849908,65.73986259834619,24.10027912165845,0.0130294960166662,0.5749938775510204,2,2018,,,,2018,1,2,25.6,-0.9,25.6,-0.9,13.029496016666199
1384,2018-01-17,19.77748781385684,65.05488738005182,24.920193478850308,0.0229679710093445,0.3474795918367346,3,2018,,,,2018,1,3,25.9,-0.6,25.9,-0.6,22.967971009344502
1385,2018-01-24,21.412244974473253,77.88722526850124,22.9290039503656,0.0406660580181486,0.2955918367346939,4,2018,,,,2018,1,4,26.0,-0.5,26.0,-0.5,40.6660580181486
1386,2018-01-31,23.824500485305144,87.2641449309513,22.65171605843273,0.1094254144686033,0.1859791666666667,5,2018,,,,2018,1,5,25.9,-0.6,25.9,-0.6,109.4254144686033
1387,2018-02-07,22.8931797481814,77.8191753364949,24.07611390976677,0.0370795575153124,0.5289418367346939,6,2018,,,,2018,2,6,25.9,-0.6,25.9,-0.6,37.0795575153124
1388,2018-02-14,21.779796283255536,77.01774994771147,23.353145607150395,0.0286111465519784,0.3317928571428571,7,2018,,,,2018,2,7,25.9,-0.8,25.9,-0.8,28.6111465519784
1389,2018-02-21,21.472305235213977,80.6452437884032,22.31013328656053,0.0368647884189629,0.5290775510204082,8,2018,,,,2018,2,8,26.0,-0.7,26.0,-0.7,36.8647884189629
1390,2018-02-28,20.149783225751197,81.01556768880107,21.15872818564071,0.0352164442366072,0.2397795918367347,9,2018,,,,2018,2,9,26.1,-0.7,26.1,-0.7,35.216444236607195
1391,2018-03-07,21.245800692935635,84.73407867916418,21.3132817482462,0.0639554223841659,0.2915423469387755,10,2018,,,,2018,3,10,26.2,-0.8,26.2,-0.8,63.95542238416591
1392,2018-03-14,21.65666677349708,83.36695406116765,21.8756907404686,0.0236767757679591,0.3250658163265306,11,2018,,,,2018,3,11,26.4,-0.8,26.4,-0.8,23.6767757679591
1393,2018-03-21,21.89666455718989,82.80895452437079,21.945882260069595,0.0312514851846036,0.4993239795918368,12,2018,,,,2018,3,12,26.4,-0.9,26.4,-0.9,31.2514851846036
1394,2018-03-28,16.991061299160236,77.58053135209634,19.09726032075423,0.0123693366032365,0.3164520408163265,13,2018,,,,2018,3,13,26.7,-0.7,26.7,-0.7,12.369336603236501
1395,2018-04-04,18.264160472373383,77.47245754020581,20.44574471039033,0.03377110838697,0.4365219387755102,14,2018,,,,2018,4,14,27.0,-0.6,27.0,-0.6,33.77110838697
1396,2018-04-11,21.883854832016773,84.04641852817562,21.81709459006385,0.0692524896846375,0.413511224489796,15,2018,,,,2018,4,15,27.2,-0.5,27.2,-0.5,69.2524896846375
1397,2018-04-18,18.643866358063995,84.84578613043533,18.80853898963153,0.0153183303739637,0.2071352040816326,16,2018,,,,2018,4,16,27.3,-0.5,27.3,-0.5,15.3183303739637
1398,2018-04-25,21.457865047328397,83.21366251903545,21.727111979893323,0.0198752589743825,0.6062790816326531,17,2018,,,,2018,4,17,27.4,-0.4,27.4,-0.4,19.8752589743825
1399,2018-05-02,23.053630518425063,84.06260146959647,22.713115284718697,0.0426830071952021,0.301780612244898,18,2018,,,,2018,5,18,27.5,-0.4,27.5,-0.4,42.6830071952021
1400,2018-05-09,22.158885267021606,86.69186775960698,21.558071494589058,0.0540726293204118,0.3652806122448979,19,2018,,,,2018,5,19,27.6,-0.3,27.6,-0.3,54.0726293204118
1401,2018-05-16,17.307882351761876,82.887255051476,18.19145028250557,0.0230973040123154,0.4732015306122447,20,2018,,,,2018,5,20,27.8,-0.0,27.8,-0.0,23.0973040123154
1402,2018-05-23,13.916370785924004,79.06922051469378,15.484465275978607,0.007161338915955,0.3491010204081632,21,2018,,,,2018,5,21,27.8,-0.0,27.8,-0.0,7.161338915955
1403,2018-05-30,13.800043525462849,78.95334149240918,15.385068797416409,0.0015393395163982,0.4685183673469387,22,2018,,,,2018,5,22,27.7,-0.1,27.7,-0.1,1.5393395163982
1404,2018-06-06,11.17198663498835,83.17617692753554,10.623383315728688,0.0165253618314683,0.0869484693877551,23,2018,,,,2018,6,23,27.7,-0.0,27.7,-0.0,16.5253618314683
1405,2018-06-13,10.467082307098842,74.02558338859899,12.25460547622373,0.0004529201594242,0.3888647959183673,24,2018,,,,2018,6,24,27.8,0.1,27.8,0.1,0.4529201594242
1406,2018-06-20,7.388516927328011,63.9766599161612,9.243934068225713,4.58767781620192e-05,0.2836928571428571,25,2018,,,,2018,6,25,27.9,0.3,27.9,0.3,0.045876778162019204
1407,2018-06-27,11.635822713343574,73.54129417711238,13.995082447804576,0.0026039286173496,0.4070647959183673,26,2018,,,,2018,6,26,27.9,0.4,27.9,0.4,2.6039286173496
1408,2018-07-04,12.856019391024796,75.8882267226457,15.113353659182224,0.0062404858543426,0.2180709183673469,27,2018,,,,2018,7,27,27.7,0.2,27.7,0.2,6.2404858543426
1409,2018-07-11,9.875160976993945,80.30301294186403,10.13826542289894,0.0050353811370687,0.0960586734693877,28,2018,,,,2018,7,28,27.6,0.3,27.6,0.3,5.0353811370687005
1410,2018-07-18,10.981799760010006,70.22951816038663,13.7676090266429,0.0021675693634506,0.2372520408163265,29,2018,,,,2018,7,29,27.4,0.2,27.4,0.2,2.1675693634506
1411,2018-07-25,9.08117331685016,69.28307826042085,10.831352773653464,0.0096626155035696,0.2115204081632652,30,2018,,,,2018,7,30,27.3,0.2,27.3,0.2,9.6626155035696
1412,2018-08-01,7.444222096159607,62.719722807261405,9.962826626317051,0.0001072314517612,0.290415306122449,31,2018,,,,2018,8,31,27.2,0.2,27.2,0.2,0.1072314517612
1413,2018-08-08,9.373837683428938,63.8436362219697,13.25324325302023,0.0003549888766331,0.2173433673469387,32,2018,,,,2018,8,32,27.1,0.2,27.1,0.2,0.3549888766331
1414,2018-08-15,9.384535665937705,53.839011347644814,15.689709041880915,0.0001720603626448,0.2492081632653061,33,2018,,,,2018,8,33,27.2,0.4,27.2,0.4,0.17206036264479999
1415,2018-08-22,8.593837272768278,52.91893782746215,14.262156812187754,0.0016560504043857,0.2395127551020408,34,2018,,,,2018,8,34,27.2,0.4,27.2,0.4,1.6560504043856998
1416,2018-08-29,6.864950365520614,43.098644040583686,14.961256839466728,3.307632014834131e-05,0.2768673469387754,35,2018,,,,2018,8,35,27.0,0.3,27.0,0.3,0.03307632014834131
1417,2018-09-05,8.597241230504636,47.088382390963424,17.08017091815975,0.0019061763297111,0.2293198979591836,36,2018,,,,2018,9,36,27.0,0.4,27.0,0.4,1.9061763297111
1418,2018-09-12,9.47978535259153,40.5534457828507,21.351173629241828,7.504073091167486e-06,0.3136642857142857,37,2018,,,,2018,9,37,27.0,0.3,27.0,0.3,0.007504073091167486
1419,2018-09-19,13.794570370949623,64.9515301680396,19.270862003248624,0.010658151595945,0.1713377551020408,38,2018,,,,2018,9,38,26.9,0.2,26.9,0.2,10.658151595945
1420,2018-09-26,15.283501480896495,52.294305347181584,24.531851938468265,0.0028929109489647,0.2744071428571428,39,2018,,,,2018,9,39,27.2,0.5,27.2,0.5,2.8929109489647002
1421,2018-10-03,16.726700262709347,56.809223927271205,24.620861139102885,0.0034869628584535,0.2498821428571428,40,2018,,,,2018,10,40,27.5,0.8,27.5,0.8,3.4869628584535
1422,2018-10-10,11.534751157336768,44.55902963188726,22.88731481072045,0.0009088961141106,0.2494872448979592,41,2018,,,,2018,10,41,27.7,0.9,27.7,0.9,0.9088961141105999
1423,2018-10-17,13.44804346342203,60.396467069573575,19.865324378500247,0.0100332019636927,0.1334372448979592,42,2018,,,,2018,10,42,27.5,0.7,27.5,0.7,10.0332019636927
1424,2018-10-24,20.052705840773964,75.66956387883103,22.901812930983,0.1102453830858038,0.2003954081632653,43,2018,,,,2018,10,43,27.6,0.9,27.6,0.9,110.2453830858038
1425,2018-10-31,19.457475305596866,84.83459542901731,19.788942760026373,0.0290912236747737,0.1275520408163265,44,2018,,,,2018,10,44,27.8,1.0,27.8,1.0,29.0912236747737
1426,2018-11-07,20.408924112996765,79.47261185989542,21.68702187311078,0.0255956143195541,0.2941857142857143,45,2018,,,,2018,11,45,27.7,0.9,27.7,0.9,25.5956143195541
1427,2018-11-14,21.85748026549185,81.45591693206765,22.302716866318065,0.0835904451722007,0.3227673469387755,46,2018,,,,2018,11,46,27.6,0.9,27.6,0.9,83.5904451722007
1428,2018-11-21,17.984970819065335,73.01444408678414,20.954275813719107,0.0208625513009224,0.281504081632653,47,2018,,,,2018,11,47,27.6,0.9,27.6,0.9,20.8625513009224
1429,2018-11-28,20.515855252385887,78.57365551690454,21.97067148636802,0.0230959096123147,0.2529596938775511,48,2018,,,,2018,11,48,27.6,0.9,27.6,0.9,23.0959096123147
1430,2018-12-05,17.88604297359234,81.2281877372599,19.18208437030825,0.0393990266985869,0.2293882653061224,49,2018,,,,2018,12,49,27.7,1.0,27.7,1.0,39.3990266985869
1431,2018-12-12,18.347983096683137,73.96919267332717,21.078222126863466,0.0098657528971801,0.3147566326530612,50,2018,,,,2018,12,50,27.4,0.8,27.4,0.8,9.8657528971801
1432,2018-12-19,24.240764811248276,83.21917816053487,23.82919746969833,0.1537386004136221,0.2169494897959183,51,2018,,,,2018,12,51,27.5,0.9,27.5,0.9,153.73860041362212
1433,2018-12-26,21.29523876667584,80.02457481569151,22.297776872284544,0.0262377410504507,0.3638086734693877,52,2018,,,,2018,12,52,27.4,0.9,27.4,0.9,26.2377410504507
1434,2019-01-02,25.20137069286841,78.51705220979139,25.46161164523801,0.0433431020776231,0.4009943877551021,1,2019,,,,2019,1,1,27.3,0.8,27.3,0.8,43.343102077623094
1435,2019-01-09,24.45838283512112,83.0169986168448,23.90552987338737,0.054601162634315,0.530790306122449,2,2019,,,,2019,1,2,27.3,0.8,27.3,0.8,54.601162634314996
1436,2019-01-16,22.15389885226689,86.0612003848913,21.573224107911017,0.0711090387639516,0.1580413265306122,3,2019,,,,2019,1,3,27.1,0.7,27.1,0.7,71.1090387639516
1437,2019-01-23,21.119627432711248,82.9472895590196,21.348687251084527,0.0509284765063934,0.3821744047619047,4,2019,,,,2019,1,4,27.1,0.6,27.1,0.6,50.9284765063934
1438,2019-01-30,25.85949022402902,75.76454630264341,26.638881055351817,0.0211047067582187,0.4417051020408164,5,2019,,,,2019,1,5,27.2,0.7,27.2,0.7,21.1047067582187
1439,2019-02-06,22.652148813207702,85.16769561321426,22.16074901502964,0.05106045136597,0.2127795918367347,6,2019,,,,2019,2,6,27.1,0.6,27.1,0.6,51.060451365969996
1440,2019-02-13,22.866357056050987,78.34702861699873,23.857513876674943,0.0668230194316592,0.4527714285714286,7,2019,,,,2019,2,7,27.3,0.6,27.3,0.6,66.8230194316592
1441,2019-02-20,20.07699938954944,79.40482259994697,21.412303802594067,0.0047303934178119,0.5430632653061225,8,2019,,,,2019,2,8,27.6,0.8,27.6,0.8,4.7303934178119
1442,2019-02-27,22.01878837031712,69.99781079193957,25.366209595868384,0.0148738819726109,0.440286224489796,9,2019,,,,2019,2,9,27.9,1.0,27.9,1.0,14.8738819726109
1443,2019-03-06,20.315924961244104,73.14403708156763,23.015590416006543,0.0107913051175582,0.4505086734693876,10,2019,,,,2019,3,10,28.0,1.0,28.0,1.0,10.7913051175582
1444,2019-03-13,20.734826136138828,86.67366177177152,20.20466429003244,0.0641827797231308,0.176065306122449,11,2019,,,,2019,3,11,28.1,1.0,28.1,1.0,64.1827797231308
1445,2019-03-20,19.782087046223225,82.22075390617422,20.57909239684642,0.0282960508808319,0.2225903061224489,12,2019,,,,2019,3,12,28.4,1.1,28.4,1.1,28.2960508808319
1446,2019-03-27,17.44913587985245,85.1517461209814,17.858729532462462,0.0594725033091987,0.1689918367346939,13,2019,,,,2019,3,13,28.3,0.8,28.3,0.8,59.4725033091987
1447,2019-04-03,20.092988243231524,88.25150704271991,19.39298416449105,0.0872691601890015,0.1319515306122449,14,2019,,,,2019,4,14,28.4,0.8,28.4,0.8,87.2691601890015
1448,2019-04-10,17.7406469484233,79.1682425696778,19.35566686253975,0.0176611416053462,0.4391545918367348,15,2019,,,,2019,4,15,28.4,0.7,28.4,0.7,17.6611416053462
1449,2019-04-17,18.7931345082374,84.23025435371355,19.32965453271157,0.0131041743255896,0.3479795918367347,16,2019,,,,2019,4,16,28.6,0.8,28.6,0.8,13.1041743255896
1450,2019-04-24,20.664517701091604,87.24734770305005,20.26296511280293,0.0283247909694474,0.1755392857142857,17,2019,,,,2019,4,17,28.6,0.8,28.6,0.8,28.3247909694474
1451,2019-05-01,16.9252997520027,86.89923549919011,17.17175544167867,0.0214710806016828,0.2029183673469387,18,2019,,,,2019,5,18,28.7,0.8,28.7,0.8,21.4710806016828
1452,2019-05-08,18.98355882650783,85.58187618585909,19.211843044255037,0.0111312934575299,0.3528836734693877,19,2019,,,,2019,5,19,28.6,0.8,28.6,0.8,11.1312934575299
1453,2019-05-15,15.280426629404872,79.22590238450505,16.689517502557692,0.0117797488375183,0.2866244897959183,20,2019,,,,2019,5,20,28.5,0.6,28.5,0.6,11.779748837518301
1454,2019-05-22,14.01798750259698,82.14815486019216,15.15244251173374,0.0097984000369168,0.2484010204081632,21,2019,,,,2019,5,21,28.6,0.7,28.6,0.7,9.7984000369168
1455,2019-05-29,11.044597910890555,77.31977496635994,12.289670186464548,0.0077391576594091,0.4277331632653062,22,2019,,,,2019,5,22,28.7,0.9,28.7,0.9,7.7391576594091
1456,2019-06-05,12.74233756580033,83.41194442280042,13.494542395663132,0.0084402847096189,0.3019408163265306,23,2019,,,,2019,6,23,28.5,0.8,28.5,0.8,8.440284709618899
1457,2019-06-12,13.83568615346726,82.55262789401058,14.90129299034072,0.0017579545429643,0.3876122448979592,24,2019,,,,2019,6,24,28.4,0.7,28.4,0.7,1.7579545429643
1458,2019-06-19,14.79313954557688,86.69135000624247,14.742527431046938,0.0145003701817297,0.128544387755102,25,2019,,,,2019,6,25,28.2,0.6,28.2,0.6,14.5003701817297
1459,2019-06-26,13.111857477392684,78.01388833736311,14.67935709531622,0.0022205586518729,0.4400688775510203,26,2019,,,,2019,6,26,27.9,0.4,27.9,0.4,2.2205586518729
1460,2019-07-03,11.069832416795125,75.88522823976585,12.541568141080916,0.0028398480006589,0.2889520408163265,27,2019,,,,2019,7,27,27.9,0.5,27.9,0.5,2.8398480006589
1461,2019-07-10,9.553692422721475,75.38903096287844,10.70213386120446,0.0018960584413661,0.2320602040816326,28,2019,,,,2019,7,28,27.8,0.4,27.8,0.4,1.8960584413661001
1462,2019-07-17,13.753887996944108,80.24703494467637,15.242900505844432,0.0057129805493266,0.1762581632653061,29,2019,,,,2019,7,29,27.6,0.4,27.6,0.4,5.7129805493266
1463,2019-07-24,12.790149221160483,72.52004914879012,15.649154151864591,0.0026297048036114,0.3279464285714286,30,2019,,,,2019,7,30,27.6,0.4,27.6,0.4,2.6297048036114004
1464,2019-07-31,8.002312665103469,61.54529397590039,11.11780027272755,0.0001708144934668,0.3310372448979591,31,2019,,,,2019,7,31,27.5,0.4,27.5,0.4,0.1708144934668
1465,2019-08-07,7.716254794984573,50.89086605537397,13.248865848982462,0.0002059062597723,0.382779081632653,32,2019,,,,2019,8,32,27.1,0.2,27.1,0.2,0.2059062597723
1466,2019-08-14,7.751831243768808,52.53491077251474,13.553141257876462,0.0003595271786055,0.2334765306122449,33,2019,,,,2019,8,33,27.0,0.2,27.0,0.2,0.35952717860550004
1467,2019-08-21,7.850376451631505,48.06020084427418,15.112506601761822,2.977162050145564e-05,0.2985295918367346,34,2019,,,,2019,8,34,26.9,0.1,26.9,0.1,0.02977162050145564
1468,2019-08-28,10.309488765052413,51.45061515848044,17.965583341948843,1.1769472032138342e-05,0.3704525510204082,35,2019,,,,2019,8,35,26.7,-0.0,26.7,-0.0,0.011769472032138342
1469,2019-09-04,10.762222242906647,48.83447025596399,19.293195887974377,8.405132892416336e-05,0.3177704081632653,36,2019,,,,2019,9,36,26.6,-0.1,26.6,-0.1,0.08405132892416337
1470,2019-09-11,11.542043487325484,60.424508618816525,17.279959303667795,0.0041261527119377,0.1353168367346938,37,2019,,,,2019,9,37,26.3,-0.3,26.3,-0.3,4.1261527119377
1471,2019-09-18,11.157282858589118,56.557278716543486,17.96844022582178,0.0026937667811921,0.203390306122449,38,2019,,,,2019,9,38,26.8,0.1,26.8,0.1,2.6937667811921
1472,2019-09-25,9.016694894188324,44.30177437566743,18.938669874230243,0.0001204979816716,0.251679081632653,39,2019,,,,2019,9,39,27.0,0.3,27.0,0.3,0.1204979816716
1473,2019-10-02,11.82346348365096,40.32226903365718,24.63452441157125,3.822911185277381e-05,0.2733632653061224,40,2019,,,,2019,10,40,27.2,0.5,27.2,0.5,0.03822911185277381
1474,2019-10-09,11.01247320689261,51.254332668967,19.43676061824874,0.0016022100108981,0.1850081632653061,41,2019,,,,2019,10,41,27.1,0.4,27.1,0.4,1.6022100108981001
1475,2019-10-16,15.306215965809232,55.79834108896297,23.51485049448854,0.0164871426686659,0.1815117346938775,42,2019,,,,2019,10,42,27.2,0.5,27.2,0.5,16.4871426686659
1476,2019-10-23,13.661713674838891,70.66537493560102,17.425220912492193,0.0085154866406499,0.1162591836734693,43,2019,,,,2019,10,43,27.4,0.6,27.4,0.6,8.5154866406499
1477,2019-10-30,14.925348082760998,47.146549146187375,26.370492229331887,7.868463271723922e-05,0.3801933673469387,44,2019,,,,2019,10,44,27.3,0.6,27.3,0.6,0.07868463271723922
1478,2019-11-06,20.727027199001437,71.1026424592796,24.16389813844853,0.0492015722549987,0.2359081632653061,45,2019,,,,2019,11,45,27.2,0.4,27.2,0.4,49.2015722549987
1479,2019-11-13,20.43496630627236,71.19617545027548,23.681040440773472,0.0185248592067733,0.3490198979591837,46,2019,,,,2019,11,46,27.3,0.5,27.3,0.5,18.5248592067733
1480,2019-11-20,16.751333022144426,52.137086258533856,26.331889556054364,0.0014087768533792,0.3483045918367347,47,2019,,,,2019,11,47,27.3,0.6,27.3,0.6,1.4087768533792
1481,2019-11-27,20.259337004278727,63.66207723704068,26.10941241517361,0.0414901685394966,0.3211591836734694,48,2019,,,,2019,11,48,27.1,0.4,27.1,0.4,41.4901685394966
1482,2019-12-04,19.40244001038191,71.60849816889919,22.97552951631087,0.0565830633382639,0.2699897959183673,49,2019,,,,2019,12,49,27.1,0.4,27.1,0.4,56.5830633382639
1483,2019-12-11,18.777969630887476,72.87377224206071,21.889079160106466,0.0364280170627547,0.4564035714285714,50,2019,,,,2019,12,50,27.0,0.4,27.0,0.4,36.4280170627547
1484,2019-12-18,20.71760196488975,73.84035813026217,23.40064708683764,0.0338699652141468,0.1809612244897959,51,2019,,,,2019,12,51,27.0,0.4,27.0,0.4,33.8699652141468
1485,2019-12-25,19.21506759661052,66.56551644121537,23.743013649246336,0.0244647045012459,0.4022158163265306,52,2019,,,,2019,12,52,26.9,0.4,26.9,0.4,24.4647045012459
1486,2020-01-01,23.585866691986624,70.43936775196443,26.233704633128923,0.0170656130790689,0.324155612244898,1,2020,,,,2020,1,1,27.1,0.6,27.1,0.6,17.0656130790689
1487,2020-01-08,22.21703662349489,76.00930540781944,24.028510665893577,0.0692835683620712,0.3877831632653062,2,2020,,,,2020,1,2,27.1,0.6,27.1,0.6,69.2835683620712
1488,2020-01-15,24.72457005400044,79.28095424996981,25.01750658774864,0.0540997822368924,0.3356239795918367,3,2020,,,,2020,1,3,27.0,0.5,27.0,0.5,54.0997822368924
1489,2020-01-22,25.10457220702001,84.40110067084252,24.025406799835423,0.1052799450258231,0.3730775510204081,4,2020,,,,2020,1,4,26.9,0.5,26.9,0.5,105.2799450258231
1490,2020-01-29,22.19769792595469,74.23364580183237,24.367790723009197,0.025152670029245,0.5779479591836735,5,2020,,,,2020,1,5,27.0,0.5,27.0,0.5,25.152670029245
1491,2020-02-05,20.18176659161724,70.09914034936176,23.64762805238064,0.0140093484014057,0.3667438775510204,6,2020,,,,2020,2,6,26.9,0.3,26.9,0.3,14.0093484014057
1492,2020-02-12,23.964920657162764,86.35042991218545,22.88779434671204,0.0960704673280962,0.2912403061224489,7,2020,,,,2020,2,7,26.9,0.3,26.9,0.3,96.0704673280962
1493,2020-02-19,24.93708204418472,88.60809496653444,23.039324541156876,0.0521041091128497,0.2780479591836735,8,2020,,,,2020,2,8,27.1,0.4,27.1,0.4,52.1041091128497
1494,2020-02-26,18.9265810109582,81.71067144362898,19.819239552815816,0.0158112504680372,0.2670392857142857,9,2020,,,,2020,2,9,27.2,0.3,27.2,0.3,15.811250468037201
1495,2020-03-04,20.261148033944043,77.72677561575082,22.022201584796505,0.0150695243910945,0.5896066326530612,10,2020,,,,2020,3,10,27.3,0.4,27.3,0.4,15.0695243910945
1496,2020-03-11,20.422625018728613,65.0537265048316,25.47479012677462,0.0007266075320784,0.583144387755102,11,2020,,,,2020,3,11,27.5,0.4,27.5,0.4,0.7266075320784
1497,2020-03-18,23.07263831345355,77.42063971143268,24.394429065418933,0.0439180659395838,0.2842683673469388,12,2020,,,,2020,3,12,27.9,0.6,27.9,0.6,43.9180659395838
1498,2020-03-25,20.628487759659752,77.57435122860302,22.14892184458625,0.0119907543930984,0.4324551020408163,13,2020,,,,2020,3,13,27.8,0.4,27.8,0.4,11.9907543930984
1499,2020-04-01,20.58470014590516,82.00945373460671,21.20152663665567,0.0298062852649292,0.2740571428571428,14,2020,,,,2020,4,14,27.9,0.4,27.9,0.4,29.806285264929198
1500,2020-04-08,19.109676637496147,82.81827873229432,19.705863869595703,0.0574955480489295,0.151634693877551,15,2020,,,,2020,4,15,28.1,0.5,28.1,0.5,57.4955480489295
1501,2020-04-15,15.040352600488609,78.24059412989295,17.064446736030902,0.009242228791509,0.3763969387755102,16,2020,,,,2020,4,16,28.3,0.6,28.3,0.6,9.242228791509001
1502,2020-04-22,14.76772076443913,68.93192626965008,18.94590734105532,0.0001907339600058,0.5488331632653061,17,2020,,,,2020,4,17,28.3,0.5,28.3,0.5,0.1907339600058
1503,2020-04-29,20.94683313444449,79.44865549751819,22.187707714158705,0.0321379295416203,0.4558739795918367,18,2020,,,,2020,4,18,28.1,0.2,28.1,0.2,32.1379295416203
1504,2020-05-06,17.7416605478963,84.47153958943557,18.388099301915645,0.0136126548423278,0.0930612244897959,19,2020,,,,2020,5,19,27.9,-0.0,27.9,-0.0,13.6126548423278
1505,2020-05-13,11.923251141235076,67.16754959271837,15.60586424068532,0.0013813436030254,0.4790867346938775,20,2020,,,,2020,5,20,27.6,-0.3,27.6,-0.3,1.3813436030254
1506,2020-05-20,11.815931554301391,62.82921510423746,16.89947205627857,4.645458278825946e-05,0.477219387755102,21,2020,,,,2020,5,21,27.5,-0.4,27.5,-0.4,0.04645458278825946
1507,2020-05-27,11.060584976880127,64.52041494649036,15.106621782471564,0.0099209396197049,0.4330352040816327,22,2020,,,,2020,5,22,27.4,-0.4,27.4,-0.4,9.9209396197049
1508,2020-06-03,11.093663783346525,67.54223610077916,14.802228701844513,0.0047839338840657,0.3581183673469387,23,2020,,,,2020,6,23,27.5,-0.3,27.5,-0.3,4.7839338840657
1509,2020-06-10,10.172924701783003,69.3806160401968,12.82275527642696,0.00541773007951,0.292794387755102,24,2020,,,,2020,6,24,27.3,-0.4,27.3,-0.4,5.41773007951
1510,2020-06-17,12.7009749494159,72.82325013732785,15.032530604252202,0.0039955700789196,0.1931392857142857,25,2020,,,,2020,6,25,27.3,-0.4,27.3,-0.4,3.9955700789196005
1511,2020-06-24,13.51361520525995,71.04668963921013,17.1449320215757,0.0011110142099093,0.4211576530612244,26,2020,,,,2020,6,26,27.4,-0.2,27.4,-0.2,1.1110142099093
1512,2020-07-01,10.477783164759137,72.71509184532466,12.390231756612591,0.0051944943193902,0.2923005102040816,27,2020,,,,2020,7,27,27.4,-0.1,27.4,-0.1,5.1944943193902
1513,2020-07-08,8.058562611147876,63.4111260132449,11.04079185018736,0.0022308125723513,0.2512571428571428,28,2020,,,,2020,7,28,27.4,0.1,27.4,0.1,2.2308125723513
1514,2020-07-15,9.451515176676292,65.82426505170399,12.848314085460856,0.0008001318108493,0.3622096938775511,29,2020,,,,2020,7,29,27.1,-0.2,27.1,-0.2,0.8001318108493
1515,2020-07-22,13.33698594605804,69.63941237733906,16.993167054572098,0.0011534988755782,0.1803142857142857,30,2020,,,,2020,7,30,27.0,-0.2,27.0,-0.2,1.1534988755782
1516,2020-07-29,9.16415207784765,65.0336876674998,11.67569213140581,0.0177403728574857,0.1675545918367346,31,2020,,,,2020,7,31,26.7,-0.4,26.7,-0.4,17.740372857485703
1517,2020-08-05,8.981160768553796,53.45780137424274,14.744675559738084,7.781268664075469e-06,0.3558219387755102,32,2020,,,,2020,8,32,26.3,-0.6,26.3,-0.6,0.007781268664075469
1518,2020-08-12,11.36160692191084,52.81578440705809,19.287282964485826,2.474241499277647e-05,0.294059693877551,33,2020,,,,2020,8,33,26.3,-0.6,26.3,-0.6,0.02474241499277647
1519,2020-08-19,6.855980243615504,42.99343603324994,14.735418067984028,3.769069845205309e-05,0.3143826530612245,34,2020,,,,2020,8,34,26.3,-0.5,26.3,-0.5,0.03769069845205309
1520,2020-08-26,6.170081483855894,41.11214625547441,13.28141580438944,1.1690269755908796e-05,0.2386285714285714,35,2020,,,,2020,8,35,26.2,-0.5,26.2,-0.5,0.011690269755908797
1521,2020-09-02,11.536018052003136,60.05665566447736,17.721042290512457,0.0068638842016573,0.1810586734693877,36,2020,,,,2020,9,36,26.1,-0.6,26.1,-0.6,6.8638842016573
1522,2020-09-09,9.976566612346868,58.84270271827989,15.472564458522696,0.0012253395011581,0.2739142857142857,37,2020,,,,2020,9,37,26.1,-0.6,26.1,-0.6,1.2253395011581
1523,2020-09-16,12.904505768368349,56.58761158145359,20.28286780273021,0.0034103859743156,0.237644387755102,38,2020,,,,2020,9,38,26.1,-0.6,26.1,-0.6,3.4103859743156
1524,2020-09-23,8.636461201502733,40.21831268710029,19.551400159978584,6.365245514672323e-06,0.2910530612244898,39,2020,,,,2020,9,39,25.9,-0.7,25.9,-0.7,0.006365245514672323
1525,2020-09-30,11.03358366545681,41.60283149615937,22.97220740804869,6.0577525711583545e-05,0.2588761904761905,40,2020,,,,2020,9,40,26.0,-0.7,26.0,-0.7,0.06057752571158354
1526,2020-10-07,10.744067284025853,42.20163487641612,22.487998788535208,0.0002027226344288,0.2527979591836735,41,2020,,,,2020,10,41,25.8,-0.9,25.8,-0.9,0.2027226344288
1527,2020-10-14,11.368132024126188,38.81798420087794,24.68919119023957,6.901394236535907e-06,0.3041163265306122,42,2020,,,,2020,10,42,25.6,-1.1,25.6,-1.1,0.006901394236535907
1528,2020-10-21,14.287757273862118,46.12129392029087,25.7931509549926,0.0013417752686482,0.3019882653061224,43,2020,,,,2020,10,43,25.5,-1.3,25.5,-1.3,1.3417752686481998
1529,2020-10-28,16.23248733274111,51.77957769540152,25.35868753186708,0.0084692847546341,0.3289413265306122,44,2020,,,,2020,10,44,25.0,-1.7,25.0,-1.7,8.469284754634101
1530,2020-11-04,10.482289986930269,45.1315795347701,21.179098046231445,0.0116490011597224,0.2809627551020408,45,2020,,,,2020,11,45,25.3,-1.5,25.3,-1.5,11.649001159722399
1531,2020-11-11,13.422810761798123,46.55599101362315,24.506967033334377,0.0074978678842804,0.2940469387755102,46,2020,,,,2020,11,46,25.7,-1.0,25.7,-1.0,7.497867884280399
1532,2020-11-18,17.389895142435158,65.86777034459148,22.536961621654317,0.0333892323172335,0.1470795918367347,47,2020,,,,2020,11,47,25.6,-1.1,25.6,-1.1,33.3892323172335
1533,2020-11-25,14.15159399578424,55.05063756436032,22.483206166377727,0.0151495218275385,0.3578076530612245,48,2020,,,,2020,11,48,25.4,-1.3,25.4,-1.3,15.1495218275385
1534,2020-12-02,21.06587364532273,72.49746025765391,24.259107844034816,0.0600140359620776,0.1590091836734694,49,2020,,,,2020,12,49,25.4,-1.3,25.4,-1.3,60.0140359620776
1535,2020-12-09,17.143844695654472,70.40189620640204,20.975800995599684,0.016667297055879,0.2564724489795918,50,2020,,,,2020,12,50,25.6,-1.1,25.6,-1.1,16.667297055879
1536,2020-12-16,17.35580980421448,55.06533305747013,25.80770991578396,0.0096624657510169,0.4102852040816326,51,2020,,,,2020,12,51,25.7,-0.9,25.7,-0.9,9.6624657510169
1537,2020-12-23,17.077556752096918,57.1965544832632,24.524087394662445,0.0025500978737161,0.2996678571428571,52,2020,,,,2020,12,52,25.6,-0.9,25.6,-0.9,2.5500978737161004
1538,2020-12-30,20.47673316483806,64.90643749423423,25.50788217142326,0.0174115032317558,0.3153673469387755,53,2020,,,,2020,12,53,25.5,-1.0,25.5,-1.0,17.411503231755802
1539,2021-01-06,21.192211314999906,74.54789239639253,23.522144260536265,0.054531625169693,0.3072581632653062,1,2021,,,,2021,1,1,25.5,-1.0,25.5,-1.0,54.531625169693
1540,2021-01-13,22.139903333819404,80.89742803485726,22.75614020418953,0.0562162024588117,0.3120382653061224,2,2021,,,,2021,1,2,25.5,-1.0,25.5,-1.0,56.21620245881169
1541,2021-01-20,21.1792738559758,78.80106689461985,22.34241036136132,0.0507974256359164,0.3072015306122448,3,2021,,,,2021,1,3,25.6,-0.8,25.6,-0.8,50.797425635916404
1542,2021-01-27,19.672168647237783,69.53745493376748,23.51059693836038,0.0143465161321501,0.3782704081632653,4,2021,,,,2021,1,4,25.8,-0.7,25.8,-0.7,14.3465161321501
1543,2021-02-03,20.86734517861612,75.16139700220702,23.33252650669641,0.0406107200254025,0.3321413265306122,5,2021,,,,2021,2,5,25.7,-0.8,25.7,-0.8,40.6107200254025
1544,2021-02-10,18.525005236339837,73.14366266982627,21.708968643915117,0.0140510928074653,0.4182035714285714,6,2021,,,,2021,2,6,25.7,-0.9,25.7,-0.9,14.0510928074653
1545,2021-02-17,19.00030286951478,78.6381190267997,20.83936908747876,0.0378236606382255,0.3682372448979592,7,2021,,,,2021,2,7,25.9,-0.7,25.9,-0.7,37.823660638225505
1546,2021-02-24,21.485013325902457,78.60812833225158,22.75791120983308,0.0262544567709629,0.4909525510204082,8,2021,,,,2021,2,8,25.8,-1.1,25.8,-1.1,26.2544567709629
1547,2021-03-03,23.160506155293834,81.44466121799951,23.3731918412812,0.0286414586723416,0.524334693877551,9,2021,,,,2021,3,9,26.1,-0.8,26.1,-0.8,28.6414586723416
1548,2021-03-10,20.41057663582201,72.61770097965339,23.41581894232303,0.0136305574857717,0.4691887755102041,10,2021,,,,2021,3,10,26.7,-0.4,26.7,-0.4,13.6305574857717
1549,2021-03-17,21.24344732379598,78.10279892554207,22.77613226702425,0.0248600188739292,0.5802229591836735,11,2021,,,,2021,3,11,26.7,-0.5,26.7,-0.5,24.8600188739292
1550,2021-03-24,18.147131046741062,83.99092452464451,18.80393756944312,0.0540412415990983,0.1661831632653061,12,2021,,,,2021,3,12,26.8,-0.6,26.8,-0.6,54.0412415990983
1551,2021-03-31,18.622525666589468,82.12369802410775,19.39041174804271,0.0353877993641421,0.2743117346938775,13,2021,,,,2021,3,13,26.9,-0.6,26.9,-0.6,35.387799364142104
1552,2021-04-07,18.50931908177481,84.29401195901352,19.00515705030796,0.0162193085889857,0.2135209183673469,14,2021,,,,2021,4,14,27.0,-0.6,27.0,-0.6,16.219308588985697
1553,2021-04-14,19.9483417757536,81.94937048956352,20.33508260039241,0.0618637468297573,0.3436938775510204,15,2021,,,,2021,4,15,27.3,-0.5,27.3,-0.5,61.863746829757304
1554,2021-04-21,19.45425096942183,83.80000128511236,19.952337986433637,0.0179972573198823,0.4192908163265306,16,2021,,,,2021,4,16,27.3,-0.6,27.3,-0.6,17.9972573198823
1555,2021-04-28,17.363620165770453,83.60293822278798,18.036480969798845,0.0275724005182382,0.25525,17,2021,,,,2021,4,17,27.3,-0.5,27.3,-0.5,27.5724005182382
1556,2021-05-05,14.678674268114865,74.41958258569935,17.35903264519311,0.0031414327874712,0.5138107142857142,18,2021,,,,2021,5,18,27.4,-0.5,27.4,-0.5,3.1414327874712
1557,2021-05-12,11.244294062272107,76.977619851451,12.57894231316186,0.0151311027312495,0.2615219387755101,19,2021,,,,2021,5,19,27.5,-0.4,27.5,-0.4,15.1311027312495
1558,2021-05-19,14.545587389947835,83.69259138695169,15.30402254377094,0.0096012492996285,0.2762484693877551,20,2021,,,,2021,5,20,27.6,-0.2,27.6,-0.2,9.6012492996285
1559,2021-05-26,12.579472626904586,70.94100044670209,15.2372772398449,0.0040914374220853,0.4646178571428572,21,2021,,,,2021,5,21,27.5,-0.3,27.5,-0.3,4.0914374220853
1560,2021-06-02,12.263561159362649,67.77407955326265,16.127152288527725,0.0001484470765262,0.3929698979591837,22,2021,,,,2021,6,22,27.6,-0.2,27.6,-0.2,0.14844707652619998
1561,2021-06-09,13.402844859036191,72.48643106918344,16.589782670728255,0.0006361041018345,0.2884780612244898,23,2021,,,,2021,6,23,27.7,0.0,27.7,0.0,0.6361041018345
1562,2021-06-16,12.15509981844207,72.36844999187922,15.176690998207164,0.0027134390507106,0.4020816326530612,24,2021,,,,2021,6,24,27.6,-0.0,27.6,-0.0,2.7134390507106
1563,2021-06-23,8.873179903333314,82.91733589680676,8.044072840165143,0.019300508972492,0.0972045918367347,25,2021,,,,2021,6,25,27.6,0.0,27.6,0.0,19.300508972492
1564,2021-06-30,8.954599675675777,73.54426133602959,9.976255852835491,0.0067257180889863,0.2966494897959183,26,2021,,,,2021,6,26,27.6,0.1,27.6,0.1,6.725718088986301
1565,2021-07-07,7.85558698129629,60.17898138947928,11.120903412176688,6.90012491791744e-06,0.3783122448979591,27,2021,,,,2021,7,27,27.3,-0.1,27.3,-0.1,0.00690012491791744
1566,2021-07-14,13.181173385343554,67.40372077070799,17.565797372415773,0.0001387603275441,0.2906668367346939,28,2021,,,,2021,7,28,27.1,-0.1,27.1,-0.1,0.1387603275441
1567,2021-07-21,8.607706900098643,56.63432125506374,13.060156512098274,0.0058553374642963,0.2845964285714286,29,2021,,,,2021,7,29,26.9,-0.3,26.9,-0.3,5.8553374642963
1568,2021-07-28,9.229037330152163,51.42712790043403,16.1258650877038,3.5525012468237293e-06,0.258038775510204,30,2021,,,,2021,7,30,26.7,-0.4,26.7,-0.4,0.0035525012468237294
1569,2021-08-04,6.175394443111961,46.93262940204751,11.636177927133986,9.488072223514824e-06,0.2627535714285714,31,2021,,,,2021,8,31,26.6,-0.4,26.6,-0.4,0.009488072223514823
1570,2021-08-11,9.02506231060856,50.56634394949645,16.30872699971104,0.0004646980727735,0.2565673469387755,32,2021,,,,2021,8,32,26.7,-0.2,26.7,-0.2,0.4646980727735
1571,2021-08-18,6.512890451550415,43.588062286897205,13.993138561118997,1.9647916519919105e-05,0.3220734693877551,33,2021,,,,2021,8,33,26.6,-0.2,26.6,-0.2,0.019647916519919106
1572,2021-08-25,10.36230625413648,46.43420908789797,20.382154161102903,7.372342392132834e-05,0.2535872448979592,34,2021,,,,2021,8,34,26.4,-0.3,26.4,-0.3,0.07372342392132834
1573,2021-09-01,8.696585189320263,44.61685283916809,17.067436758028464,8.056037104304486e-05,0.2763244897959184,35,2021,,,,2021,9,35,26.4,-0.3,26.4,-0.3,0.08056037104304485
1574,2021-09-08,15.581682445185438,61.36729114390576,21.91553922380723,0.0027671907280526,0.2348571428571428,36,2021,,,,2021,9,36,26.6,-0.1,26.6,-0.1,2.7671907280526002
1575,2021-09-15,9.291865890530303,45.99928856270973,18.409128676952943,0.0012541593450886,0.1517367346938775,37,2021,,,,2021,9,37,26.4,-0.3,26.4,-0.3,1.2541593450886
1576,2021-09-22,11.813032269492112,56.805537495821845,18.877176110922903,0.0104270375389156,0.1153862244897959,38,2021,,,,2021,9,38,26.4,-0.2,26.4,-0.2,10.4270375389156
1577,2021-09-29,10.946592013696456,46.65020453002468,21.20228333505645,0.0006675030459746,0.224138775510204,39,2021,,,,2021,9,39,26.3,-0.4,26.3,-0.4,0.6675030459746
1578,2021-10-06,13.33487015598396,57.86488883624543,19.781101403268902,0.0064077761152014,0.1870081632653061,40,2021,,,,2021,10,40,26.1,-0.6,26.1,-0.6,6.4077761152014
1579,2021-10-13,13.694451305118456,56.49082798066063,21.09535072741869,0.0035072174338307,0.1765826530612245,41,2021,,,,2021,10,41,26.0,-0.8,26.0,-0.8,3.5072174338307
1580,2021-10-20,12.00280418965836,52.87356119979376,20.01200396479396,0.0051594900911027,0.2073474489795918,42,2021,,,,2021,10,42,25.8,-0.9,25.8,-0.9,5.1594900911027
1581,2021-10-27,10.179246650607878,39.04836481880019,23.414213811134857,0.0010024202707832,0.3177484693877551,43,2021,,,,2021,10,43,25.6,-1.1,25.6,-1.1,1.0024202707832002
1582,2021-11-03,14.723768758501466,46.9355524722454,25.79746915337182,0.0100953319356936,0.198675,44,2021,,,,2021,11,44,25.8,-1.0,25.8,-1.0,10.0953319356936
1583,2021-11-10,15.20620009120104,64.12511126695723,20.54221004823438,0.0104797598560999,0.2210010204081632,45,2021,,,,2021,11,45,25.9,-0.9,25.9,-0.9,10.4797598560999
1584,2021-11-17,17.879068539140277,68.15516064375255,22.37244309665391,0.0167787658068456,0.0841397959183673,46,2021,,,,2021,11,46,25.9,-0.9,25.9,-0.9,16.7787658068456
1585,2021-11-24,15.462623736028643,58.39090502598096,22.83937634059356,0.0068834373377966,0.2577137755102041,47,2021,,,,2021,11,47,26.0,-0.7,26.0,-0.7,6.883437337796599
1586,2021-12-01,17.235438249088585,59.36474996806141,24.26738511429357,0.0138897161506374,0.2416698979591836,48,2021,,,,2021,12,48,25.7,-0.9,25.7,-0.9,13.8897161506374
1587,2021-12-08,17.8468420376187,62.75976840243998,23.906820175274788,0.0160995317605576,0.1414658163265306,49,2021,,,,2021,12,49,25.5,-1.1,25.5,-1.1,16.0995317605576
1588,2021-12-15,19.816589462226048,67.63495744803906,24.201444023807028,0.0210706991070586,0.2253586734693877,50,2021,,,,2021,12,50,25.5,-1.1,25.5,-1.1,21.0706991070586
1589,2021-12-22,18.433877370999856,58.86430817078128,25.693972368305253,0.0054567730851334,0.2487204081632652,51,2021,,,,2021,12,51,25.5,-1.0,25.5,-1.0,5.4567730851334
1590,2021-12-29,21.111816378891024,72.22191141482388,24.168132283736327,0.0731270998713462,0.2901877551020408,52,2021,,,,2021,12,52,25.5,-1.1,25.5,-1.1,73.1270998713462
1591,2022-01-05,18.88317970414556,52.21465001329676,28.27076080996977,0.0094279317572062,0.3642280612244897,1,2022,,,,2022,1,1,25.5,-1.0,25.5,-1.0,9.4279317572062
1592,2022-01-12,19.32636018457278,61.85643225494826,25.37450584878729,0.0179702529754065,0.4558173469387755,2,2022,,,,2022,1,2,25.7,-0.8,25.7,-0.8,17.970252975406503
1593,2022-01-19,16.799922791593133,46.03031326802396,28.579903007040286,0.0179733290085956,0.3560357142857143,3,2022,,,,2022,1,3,25.7,-0.8,25.7,-0.8,17.9733290085956
1594,2022-01-26,24.168073700094716,80.72161279746068,24.30165679568336,0.0708982516291938,0.3859469387755101,4,2022,,,,2022,1,4,25.8,-0.7,25.8,-0.7,70.89825162919381
1595,2022-02-02,20.687857039142525,74.49575623700225,23.08600967562927,0.0309615660996297,0.3722806122448979,5,2022,,,,2022,2,5,25.9,-0.6,25.9,-0.6,30.9615660996297
1596,2022-02-09,19.381715930341205,74.81655648375438,21.926684575502577,0.0425325409790079,0.4745836734693878,6,2022,,,,2022,2,6,26.0,-0.6,26.0,-0.6,42.532540979007905
1597,2022-02-16,18.32221731583484,72.81060545256797,21.53059717554629,0.0304912536989847,0.4405382653061224,7,2022,,,,2022,2,7,26.0,-0.7,26.0,-0.7,30.4912536989847
1598,2022-02-23,21.64396638888553,80.17229060287153,22.56906837151979,0.033113465326265,0.4810647959183673,8,2022,,,,2022,2,8,25.9,-0.8,25.9,-0.8,33.113465326265
1599,2022-03-02,23.998758830926896,80.20264020281247,24.196189732454343,0.041009372472331,0.264418112244898,9,2022,,,,2022,3,9,25.9,-1.0,25.9,-1.0,41.009372472331
1600,2022-03-09,23.35702932935035,78.92907125978518,24.100343556306825,0.071833885138996,0.4469714285714286,10,2022,,,,2022,3,10,26.1,-0.9,26.1,-0.9,71.833885138996
1601,2022-03-16,19.000920298982773,79.48758682313309,20.420681176218068,0.0350293289517336,0.3148510204081633,11,2022,,,,2022,3,11,26.2,-1.0,26.2,-1.0,35.0293289517336
1602,2022-03-23,17.534089514010535,73.90577286104879,20.43719749191183,0.0087426799938806,0.3258448979591837,12,2022,,,,2022,3,12,26.5,-0.9,26.5,-0.9,8.742679993880602
1603,2022-03-30,16.02579281920913,63.99664513920191,21.312422818553728,0.0016765089638006,0.4174744897959184,13,2022,,,,2022,3,13,26.7,-0.8,26.7,-0.8,1.6765089638006
1604,2022-04-06,11.59753020936876,58.45187901977828,17.15101316802361,0.0041526197012119,0.3442392857142857,14,2022,,,,2022,4,14,26.7,-0.9,26.7,-0.9,4.1526197012119
1605,2022-04-13,19.77027353375152,79.37672572316075,21.30318158467611,0.0346442174709099,0.2810586734693878,15,2022,,,,2022,4,15,26.8,-0.9,26.8,-0.9,34.6442174709099
1606,2022-04-20,13.293689633864506,71.87605203853559,16.479400694451385,0.01794463180095,0.3999392857142858,16,2022,,,,2022,4,16,26.8,-1.0,26.8,-1.0,17.94463180095
1607,2022-04-27,17.3959896665835,74.49016663556006,20.322155603421837,0.0074286500223606,0.3615025510204082,17,2022,,,,2022,4,17,26.8,-1.1,26.8,-1.1,7.4286500223606
1608,2022-05-04,15.74315889047261,78.54565859699773,17.529041894925683,0.0147880070973574,0.1905744897959183,18,2022,,,,2022,5,18,26.7,-1.2,26.7,-1.2,14.7880070973574
1609,2022-05-11,12.259594001009363,68.51537993443033,16.082463408489616,0.0052339675323267,0.4597551020408163,19,2022,,,,2022,5,19,26.8,-1.1,26.8,-1.1,5.2339675323267
1610,2022-05-18,13.495130939804154,77.72621041455913,15.37338122672776,0.0131760903763539,0.3011826530612245,20,2022,,,,2022,5,20,26.8,-1.1,26.8,-1.1,13.176090376353901
1611,2022-05-25,9.556451258836004,58.723953207826725,14.513379954642971,1.2468439373541124e-05,0.4246341836734694,21,2022,,,,2022,5,21,26.9,-1.0,26.9,-1.0,0.012468439373541125
1612,2022-06-01,12.89680537858808,80.12525577189508,14.125739241619556,0.011361074285675,0.1230479591836734,22,2022,,,,2022,6,22,26.8,-0.9,26.8,-0.9,11.361074285675
1613,2022-06-08,9.754999476637618,71.07308793928468,11.79216353228304,0.001872838934985,0.2194117346938775,23,2022,,,,2022,6,23,27.0,-0.7,27.0,-0.7,1.8728389349849999
1614,2022-06-15,9.895058219628448,65.86136372415775,13.369170838959349,0.0015703693632578,0.3303989795918367,24,2022,,,,2022,6,24,27.1,-0.6,27.1,-0.6,1.5703693632578
1615,2022-06-22,7.975998348952613,56.9234018713754,12.546458764627689,4.406852264082772e-05,0.423484693877551,25,2022,,,,2022,6,25,27.0,-0.6,27.0,-0.6,0.04406852264082772
1616,2022-06-29,8.876520691244684,74.42373156271216,9.812158371802129,0.003956870397665,0.0339166666666666,26,2022,,,,2022,6,26,26.9,-0.6,26.9,-0.6,3.9568703976650004
1617,2022-07-06,10.589679241882456,69.6601184358281,13.66485683415209,0.0009908892060462,0.2386964285714286,27,2022,,,,2022,7,27,26.9,-0.5,26.9,-0.5,0.9908892060462001
1618,2022-07-13,10.884714918935556,64.65660242044028,15.17994701100048,0.0002349823167132,0.3430285714285714,28,2022,,,,2022,7,28,26.7,-0.6,26.7,-0.6,0.2349823167132
1619,2022-07-20,7.406191423659362,56.82572416770417,11.359715372202402,0.0037072583323767,0.2620857142857142,29,2022,0.0,33.0,0.0,2022,7,29,26.5,-0.7,26.5,-0.7,3.7072583323767003
1620,2022-07-27,12.66742210220028,63.42436970079557,17.957962861353053,6.885155379166008e-06,0.2700684523809524,30,2022,0.0,33.0,0.0,2022,7,30,26.4,-0.7,26.4,-0.7,0.006885155379166008
1621,2022-08-03,10.782271380591675,56.133309640997744,17.015313045994787,0.0020152258544839,0.27393154761904764,31,2022,0.0,33.0,0.0,2022,8,31,26.0,-1.0,26.0,-1.0,2.0152258544839
1622,2022-08-10,10.61941983792109,66.17393276415704,14.410676276278366,0.0054573558684555,0.27779464285714284,32,2022,0.0,33.0,0.0,2022,8,32,25.8,-1.1,25.8,-1.1,5.4573558684555
1623,2022-08-17,7.951489319317967,47.48291378871537,16.073846422571705,2.3221469430012576e-05,0.2816577380952381,33,2022,0.0,33.0,0.0,2022,8,33,25.7,-1.2,25.7,-1.2,0.023221469430012576
1624,2022-08-24,5.129135265130472,33.38441896712519,14.367783080639526,5.134137893492152e-06,0.3076316326530612,34,2022,0.0,33.0,0.0,2022,8,34,25.8,-0.9,25.8,-0.9,0.005134137893492152
1625,2022-08-31,6.961364427290087,32.63604288288843,19.05626981566553,2.571940264317618e-06,0.2605642857142857,35,2022,0.0,33.0,0.0,2022,8,35,25.9,-0.8,25.9,-0.8,0.002571940264317618
1626,2022-09-07,6.294475291767444,36.16347161128405,16.479038466888255,6.882336356182707e-06,0.2055581632653061,36,2022,15.0,32.0,0.47,2022,9,36,25.7,-1.0,25.7,-1.0,0.006882336356182707
1627,2022-09-14,5.507533966846952,30.46546134644719,17.469798076396046,6.4823193781649024e-06,0.2705102040816327,37,2022,22.0,31.0,0.71,2022,9,37,25.7,-0.9,25.7,-0.9,0.0064823193781649024
1628,2022-09-21,8.086535698261951,39.41908116133269,18.70459155128117,0.0007522783028157,0.2182454081632653,38,2022,0.0,28.0,0.0,2022,9,38,25.8,-0.9,25.8,-0.9,0.7522783028157001
1629,2022-09-28,8.979399368433063,48.59497602807573,17.39258068889177,0.0034977466581363,0.2350010204081632,39,2022,52.0,33.0,1.58,2022,9,39,25.8,-0.8,25.8,-0.8,3.4977466581363004
1630,2022-10-05,11.237715027918767,58.92123812169236,17.561948563452518,0.0182802167046232,0.2274816326530612,40,2022,27.0,26.0,1.04,2022,10,40,25.9,-0.8,25.9,-0.8,18.2802167046232
1631,2022-10-12,7.679430892264521,35.471770311448864,19.60280757826206,4.738916399357354e-06,0.3160540816326531,41,2022,133.0,32.0,4.16,2022,10,41,25.9,-0.8,25.9,-0.8,0.004738916399357355
1632,2022-10-19,11.230161635854502,52.57060735969477,19.371909583993443,0.008608288607427,0.1029214285714285,42,2022,272.0,31.0,8.77,2022,10,42,25.9,-0.8,25.9,-0.8,8.608288607427
1633,2022-10-26,14.111697524960698,57.98315357970597,21.7740559298976,0.004442557925839,0.2973729591836735,43,2022,475.0,31.0,15.32,2022,10,43,25.8,-1.0,25.8,-1.0,4.442557925839
1634,2022-11-02,9.52294213288338,34.4192980035039,23.44656510385533,3.913586221112756e-05,0.3065040816326531,44,2022,184.0,31.0,5.94,2022,11,44,25.7,-1.1,25.7,-1.1,0.03913586221112756
1635,2022-11-09,7.118069661667231,28.55760635574531,21.558874254810632,6.033276083172723e-06,0.3367979591836735,45,2022,110.0,33.0,3.33,2022,11,45,25.8,-1.0,25.8,-1.0,0.006033276083172723
1636,2022-11-16,12.995521044201436,44.10837827769216,24.975922975086064,0.0029572487310442,0.3270244897959183,46,2022,608.0,32.0,19.0,2022,11,46,25.9,-0.8,25.9,-0.8,2.9572487310442
1637,2022-11-23,13.49363021351138,44.0241310817044,25.811319865012702,0.005077042136655,0.2425938775510204,47,2022,368.0,33.0,11.15,2022,11,47,25.9,-0.8,25.9,-0.8,5.077042136655
1638,2022-11-30,11.04857587113105,34.07199847346306,27.12202036591617,0.0007389350996471,0.2972270408163265,48,2022,516.0,32.0,16.12,2022,11,48,25.7,-1.0,25.7,-1.0,0.7389350996470999
1639,2022-12-07,17.028117394475167,62.09347960702249,23.67199947850241,0.0622227788215258,0.2354928571428571,49,2022,394.0,28.0,14.07,2022,12,49,25.6,-1.0,25.6,-1.0,62.2227788215258
1640,2022-12-14,20.24014539300198,56.8748836929039,28.064582287535416,0.0111857686719888,0.275130612244898,50,2022,732.0,32.0,22.88,2022,12,50,25.7,-0.9,25.7,-0.9,11.1857686719888
1641,2022-12-21,17.51598107455416,60.53962082702797,24.03386875853249,0.0144461769913455,0.2983994897959183,51,2022,549.0,26.0,21.12,2022,12,51,25.8,-0.8,25.8,-0.8,14.446176991345501
1642,2022-12-28,17.33718934234818,65.70958510387386,22.989522941745065,0.0384277360045075,0.2420005102040816,52,2022,780.0,34.0,22.94,2022,12,52,25.9,-0.7,25.9,-0.7,38.4277360045075
1643,2023-01-04,18.27631385874562,63.94135597499633,23.83051596661005,0.0133219735182836,0.2046459183673469,1,2023,956.0,34.0,28.12,2023,1,1,25.7,-0.8,25.7,-0.8,13.321973518283599
1644,2023-01-11,15.00371361658801,50.153483560896575,25.03257909242797,0.0016929991386973,0.331548469387755,2,2023,1436.0,34.0,42.24,2023,1,2,25.8,-0.7,25.8,-0.7,1.6929991386972998
1645,2023-01-18,15.995474627980244,52.49962322269603,25.41927972910355,0.0088875943251959,0.3928857142857143,3,2023,1176.0,33.0,35.64,2023,1,3,25.8,-0.6,25.8,-0.6,8.8875943251959
1646,2023-01-25,19.082707523453045,56.16632714541171,27.545360637846443,0.0218334544116746,0.3591367346938776,4,2023,555.0,32.0,17.34,2023,1,4,25.8,-0.6,25.8,-0.6,21.833454411674598
1647,2023-02-01,23.667553495114078,80.37184680072089,24.021689597927832,0.0562010098138005,0.319075,5,2023,1139.0,21.0,54.24,2023,2,5,26.0,-0.5,26.0,-0.5,56.2010098138005
1648,2023-02-08,20.35742091486359,72.25137427790197,23.454740986207696,0.0136751719046271,0.3805836734693878,6,2023,1573.0,24.0,65.54,2023,2,6,26.1,-0.5,26.1,-0.5,13.675171904627101
1649,2023-02-15,22.21252651859148,67.93736260932718,26.07334664532931,0.0309152627299355,0.474165306122449,7,2023,2854.0,27.0,105.7,2023,2,7,26.2,-0.5,26.2,-0.5,30.9152627299355
1650,2023-02-22,16.241862650390548,67.61977864638186,20.10953148822404,0.0321308006324118,0.3703857142857142,8,2023,786.0,20.0,39.3,2023,2,8,26.5,-0.3,26.5,-0.3,32.1308006324118
1651,2023-03-01,19.679126704809946,71.44563322425365,23.009641421571075,0.0144925228662974,0.3443204081632653,9,2023,1594.0,25.0,63.76,2023,3,9,26.7,-0.2,26.7,-0.2,14.4925228662974
1652,2023-03-08,21.77474955144141,71.08359300522785,24.80561992878819,0.0332983012349278,0.4675602040816327,10,2023,3000.0,31.0,96.77,2023,3,10,27.0,-0.1,27.0,-0.1,33.2983012349278
1653,2023-03-15,20.903068050295637,65.60507011338716,25.657147681307663,0.0088254083713975,0.4947030612244898,11,2023,4628.0,33.0,140.24,2023,3,11,27.3,0.1,27.3,0.1,8.825408371397499
1654,2023-03-22,20.753693310342307,68.82414065974439,24.685470056858207,0.0168713111460791,0.5482285714285714,12,2023,2689.0,33.0,81.48,2023,3,12,27.3,-0.0,27.3,-0.0,16.8713111460791
1655,2023-03-29,21.626720396818804,77.897774947557,23.148966271536665,0.0526256578761734,0.2651423469387755,13,2023,1257.0,15.0,83.8,2023,3,13,27.5,-0.0,27.5,-0.0,52.6256578761734
1656,2023-04-05,22.779784571851035,85.83155800500688,22.21838732609132,0.0594114462483327,0.2640852040816326,14,2023,1909.0,33.0,57.85,2023,4,14,27.6,0.0,27.6,0.0,59.4114462483327
1657,2023-04-12,18.707050083664964,80.78506248122771,20.05010937801029,0.0077834169837193,0.5234132653061224,15,2023,1512.0,31.0,48.77,2023,4,15,27.9,0.1,27.9,0.1,7.7834169837193
1658,2023-04-19,15.756686548892397,80.55819413053098,17.15086173492233,0.008999760837217,0.1540841836734693,16,2023,1007.0,30.0,33.57,2023,4,16,28.1,0.3,28.1,0.3,8.999760837217
1659,2023-04-26,15.668441310971753,79.68655719670829,17.483556378942012,0.0495108188115571,0.3940836734693878,17,2023,1054.0,34.0,31.0,2023,4,17,28.3,0.4,28.3,0.4,49.510818811557094
1660,2023-05-03,17.48308271821428,82.49115249600865,18.33763731872142,0.0070595509628788,0.4014336734693878,18,2023,1217.0,27.0,45.07,2023,5,18,28.3,0.4,28.3,0.4,7.0595509628788
1661,2023-05-10,12.421247721368283,73.69916426479895,15.05424288795109,0.002740519323193,0.453175,19,2023,1207.0,34.0,35.5,2023,5,19,28.3,0.5,28.3,0.5,2.740519323193
1662,2023-05-17,14.528884878564035,71.20093159175974,18.09519970952249,0.000553524068089,0.5504688775510205,20,2023,1116.0,29.0,38.48,2023,5,20,28.4,0.5,28.4,0.5,0.553524068089
1663,2023-05-24,16.720809740876327,78.70336571575939,18.68917235030608,0.0056026680127046,0.324065306122449,21,2023,980.0,34.0,28.82,2023,5,21,28.2,0.4,28.2,0.4,5.6026680127046005
1664,2023-05-31,15.795173732809282,79.70643026099894,17.163927280659607,0.0095687916260658,0.3690897959183674,22,2023,521.0,34.0,15.32,2023,5,22,28.6,0.8,28.6,0.8,9.5687916260658
1665,2023-06-07,15.786308747657555,81.04765829376022,17.254240186522622,0.0039399906398937,0.4729418367346939,23,2023,342.0,34.0,10.06,2023,6,23,28.7,0.9,28.7,0.9,3.9399906398936997
1666,2023-06-14,13.413890139194956,70.50494494364794,15.5484509448616,0.0081775755865822,0.3392224489795918,24,2023,262.0,32.0,8.19,2023,6,24,28.6,0.9,28.6,0.9,8.1775755865822
1667,2023-06-21,7.514287525670263,58.95424306233728,10.753798395273634,0.0005002766054807,0.480129081632653,25,2023,174.0,31.0,5.61,2023,6,25,28.6,1.0,28.6,1.0,0.5002766054807
1668,2023-06-28,13.78883587419106,72.57837364088635,17.11061740537889,0.001864282867247,0.4404454081632653,26,2023,147.0,34.0,4.32,2023,6,26,28.4,0.9,28.4,0.9,1.864282867247
1669,2023-07-05,14.232432242367064,78.29184430116642,16.112340389952408,0.0066090935613648,0.2392591836734694,27,2023,263.0,34.0,7.74,2023,7,27,28.4,1.0,28.4,1.0,6.6090935613648
1670,2023-07-12,14.69741504984794,79.1401700054125,16.603854985139833,0.0104389995183506,0.1515683673469387,28,2023,102.0,33.0,3.09,2023,7,28,28.4,1.1,28.4,1.1,10.438999518350599
1671,2023-07-19,10.140408044002596,75.16154053630038,11.450741055546985,0.0088625298416883,0.2165551020408163,29,2023,53.0,34.0,1.56,2023,7,29,28.3,1.1,28.3,1.1,8.8625298416883
1672,2023-07-26,10.72575098064042,66.78356285224528,14.303241309341104,0.0013798436863327,0.2713668367346939,30,2023,374.0,34.0,11.0,2023,7,30,28.3,1.2,28.3,1.2,1.3798436863327
1673,2023-08-02,10.53185213783178,58.522903449635145,16.426289105577553,2.9789931380110245e-05,0.4044321428571428,31,2023,124.0,34.0,3.65,2023,8,31,28.1,1.1,28.1,1.1,0.029789931380110244
1674,2023-08-09,11.934783146644344,52.725511829477824,20.306487486962624,8.396285891316374e-06,0.3117061224489796,32,2023,396.0,34.0,11.65,2023,8,32,28.1,1.2,28.1,1.2,0.008396285891316373
1675,2023-08-16,9.471942224863596,50.84425800572253,16.987504370034173,0.0030477218752871,0.2268285714285715,33,2023,542.0,33.0,16.42,2023,8,33,28.1,1.3,28.1,1.3,3.0477218752871
1676,2023-08-23,10.920165536062251,49.62488029746301,20.49419789216961,3.839624755690758e-05,0.2516357142857143,34,2023,1081.0,33.0,32.76,2023,8,34,28.3,1.5,28.3,1.5,0.03839624755690758
1677,2023-08-30,8.234344190021893,46.60375054139916,16.840733905714444,1.575842931548063e-05,0.1752897959183673,35,2023,269.0,34.0,7.91,2023,8,35,28.3,1.6,28.3,1.6,0.015758429315480632
1678,2023-09-06,11.820061823112418,55.09401096959552,19.434259175929924,0.0113164810062309,0.1795464285714285,36,2023,330.0,34.0,9.71,2023,9,36,28.3,1.6,28.3,1.6,11.3164810062309
1679,2023-09-13,13.370577441723544,64.37176193260925,18.967307520237117,0.0040777125515692,0.1878071428571428,37,2023,265.0,34.0,7.79,2023,9,37,28.3,1.6,28.3,1.6,4.0777125515692
1680,2023-09-20,8.34686213368634,36.63466713533044,20.177753157842744,3.042795799349359e-05,0.286790306122449,38,2023,864.0,29.0,29.79,2023,9,38,28.3,1.7,28.3,1.7,0.03042795799349359
1681,2023-09-27,15.992476566049906,54.122314195616,24.603612180956414,0.0072212756658147,0.1902607142857142,39,2023,716.0,31.0,23.1,2023,9,39,28.1,1.5,28.1,1.5,7.221275665814701
1682,2023-10-04,11.979964723906804,55.90153264863595,19.76137692717469,0.0048731205555375,0.2430553571428571,40,2023,380.0,32.0,11.88,2023,10,40,28.2,1.5,28.2,1.5,4.873120555537501
1683,2023-10-11,10.442784509592007,45.90759337114351,20.586184632697098,1.4019631505237028e-05,0.1819295918367346,41,2023,450.0,34.0,13.24,2023,10,41,28.2,1.5,28.2,1.5,0.014019631505237029
1684,2023-10-18,10.577790346150636,40.52716080013857,22.78027995881581,0.0007409235733294,0.2135301020408163,42,2023,1197.0,34.0,35.21,2023,10,42,28.4,1.6,28.4,1.6,0.7409235733294
1685,2023-10-25,18.436710899242705,65.10190777475198,23.83079777412678,0.0235332174463615,0.2079112244897958,43,2023,599.0,33.0,18.15,2023,10,43,28.4,1.6,28.4,1.6,23.533217446361498
1686,2023-11-01,17.611620495590703,69.6524498309527,22.29990544740849,0.0250497911986501,0.1751586734693877,44,2023,689.0,33.0,20.88,2023,11,44,28.5,1.8,28.5,1.8,25.0497911986501
1687,2023-11-08,14.083221236681888,60.196357953445286,21.06354930903632,0.0143861638550544,0.236388775510204,45,2023,983.0,34.0,28.91,2023,11,45,28.5,1.8,28.5,1.8,14.386163855054399
1688,2023-11-15,17.456136359480478,51.64204217952251,27.315816238299533,0.0036523034265444,0.0873219387755102,46,2023,1280.0,34.0,37.65,2023,11,46,28.7,1.9,28.7,1.9,3.6523034265444
1689,2023-11-22,18.088939169495912,52.71262367569412,27.355114380194262,0.0059618812781308,0.232934693877551,47,2023,2117.0,34.0,62.26,2023,11,47,28.9,2.1,28.9,2.1,5.9618812781308
1690,2023-11-29,19.1656155915223,68.97829334316813,23.504224084348092,0.0227705557940614,0.1893775510204082,48,2023,2273.0,34.0,66.85,2023,11,48,28.7,2.0,28.7,2.0,22.7705557940614
1691,2023-12-06,21.54103099807168,72.9820882358206,24.13317710980266,0.0360974658808816,0.2034918367346939,49,2023,2093.0,34.0,61.56,2023,12,49,28.6,1.9,28.6,1.9,36.0974658808816
1692,2023-12-13,20.181536020295063,73.86654577063996,22.844613387957796,0.0229576211466857,0.1792438775510204,50,2023,2817.0,34.0,82.85,2023,12,50,28.6,2.0,28.6,2.0,22.9576211466857
1693,2023-12-20,23.622169415495065,68.53732858144753,27.145623831197558,0.0522390704065612,0.2168698979591836,51,2023,3368.0,33.0,102.06,2023,12,51,28.6,2.0,28.6,2.0,52.2390704065612
1694,2023-12-27,22.57094393984214,82.2103427123039,22.6457202236669,0.0521369060536893,0.2350239795918367,52,2023,2267.0,31.0,73.13,2023,12,52,28.6,2.0,28.6,2.0,52.1369060536893
1695,2024-01-03,23.545607385018894,80.8713582252322,23.79775328344232,0.05270122225762,0.3369510204081632,1,2024,2600.0,34.0,76.47,2024,1,1,28.4,1.9,28.4,1.9,52.70122225762
1696,2024-01-10,23.61505619073839,70.97198275493943,26.253923384997336,0.0031481205612082,0.4061260204081632,2,2024,7968.0,34.0,234.35,2024,1,2,28.4,1.9,28.4,1.9,3.1481205612082
1697,2024-01-17,24.672287451742477,79.55842801851676,24.957977536259875,0.0426432413695059,0.5298280612244899,3,2024,4432.0,30.0,147.73,2024,1,3,28.2,1.7,28.2,1.7,42.6432413695059
1698,2024-01-24,22.962881076721448,84.02189063328079,22.62387738390032,0.1016172256283098,0.3314132653061225,4,2024,2851.0,34.0,83.85,2024,1,4,28.1,1.7,28.1,1.7,101.6172256283098
1699,2024-01-31,20.39489759037164,67.20487878491902,24.779765234188176,0.0001984751648659,0.6242693877551021,5,2024,4055.0,34.0,119.26,2024,1,5,28.3,1.8,28.3,1.8,0.1984751648659
1700,2024-02-07,20.591259708187994,58.18687946667521,27.774736593856343,0.0059675215773771,0.4844271428571428,6,2024,6064.0,33.0,183.76,2024,2,6,28.2,1.7,28.2,1.7,5.9675215773771
1701,2024-02-14,23.689065537331665,75.44751161072027,25.218559908704663,0.0926101697021114,0.4599688775510204,7,2024,2317.0,33.0,70.21,2024,2,7,28.1,1.5,28.1,1.5,92.6101697021114
1702,2024-02-21,22.78682759500121,78.97373648408607,23.562949311652176,0.0239076434718299,0.4215648809523809,8,2024,3457.0,33.0,104.76,2024,2,8,28.3,1.5,28.3,1.5,23.9076434718299
1703,2024-02-28,23.412695429197345,83.1764989510997,23.195634071194377,0.0475262072226248,0.2781377551020408,9,2024,1809.0,33.0,54.82,2024,2,9,28.2,1.3,28.2,1.3,47.5262072226248
1704,2024-03-06,24.49770532210223,85.81981393868095,23.41157768664721,0.0426463831078405,0.4083969387755102,10,2024,4900.0,33.0,148.48,2024,3,10,28.4,1.4,28.4,1.4,42.64638310784051
1705,2024-03-13,25.9793137734972,84.6505831387552,24.58670230268621,0.0392342044629668,0.5653454081632654,11,2024,5720.0,34.0,168.24,2024,3,11,28.3,1.1,28.3,1.1,39.2342044629668
1706,2024-03-20,27.48671399676528,84.14544746038334,25.67694173021385,0.0656327680901149,0.5274484693877551,12,2024,5528.0,34.0,162.59,2024,3,12,28.6,1.3,28.6,1.3,65.6327680901149
1707,2024-03-27,21.144358588128327,76.95910054311788,22.684225336710654,0.0101508243115111,0.5679261904761904,13,2024,2572.0,34.0,75.65,2024,3,13,28.5,1.0,28.5,1.0,10.1508243115111
1708,2024-04-03,21.54106674463024,75.3135030045306,23.603438625205968,0.0100808479457197,0.478254081632653,14,2024,3512.0,34.0,103.29,2024,4,14,28.8,1.2,28.8,1.2,10.080847945719698
1709,2024-04-10,22.09144323431082,88.16366582859492,21.18704470939383,0.0263694357304952,0.2390076530612244,15,2024,3166.0,34.0,93.12,2024,4,15,28.5,0.9,28.5,0.9,26.369435730495198
1710,2024-04-17,17.188026114131333,86.36837908351882,17.342677662648327,0.0341544175514886,0.1325173469387755,16,2024,836.0,34.0,24.59,2024,4,16,28.5,0.7,28.5,0.7,34.1544175514886
1711,2024-04-24,17.505315534821268,72.74306475394089,20.33139182888732,0.0013424414936399,0.6133479591836735,17,2024,4352.0,34.0,128.0,2024,4,17,28.6,0.8,28.6,0.8,1.3424414936399
1712,2024-05-01,20.484258840654093,87.48349378067682,20.10036322665053,0.0284687635330977,0.2189479591836734,18,2024,2302.0,34.0,67.71,2024,5,18,28.4,0.5,28.4,0.5,28.4687635330977
1713,2024-05-08,17.363613788157178,83.08178464865122,18.049754260835243,0.0162875745974945,0.3477581632653061,19,2024,1618.0,34.0,47.59,2024,5,19,28.2,0.3,28.2,0.3,16.2875745974945
1714,2024-05-15,12.612121291392,79.88562090968657,13.57071641156466,0.0120370020398792,0.0225989795918367,20,2024,22.0,33.0,0.67,2024,5,20,28.1,0.2,28.1,0.2,12.0370020398792
1715,2024-05-22,9.860009910710613,78.18430468330955,10.506592570194584,0.0055068291668369,0.2503785714285715,21,2024,71.0,34.0,2.09,2024,5,21,28.0,0.2,28.0,0.2,5.5068291668369
1716,2024-05-29,9.992895972046009,81.16095547602399,9.89270518555935,0.0112069015899674,0.1758219387755102,22,2024,5.0,29.0,0.17,2024,5,22,27.9,0.1,27.9,0.1,11.2069015899674
1717,2024-06-05,10.932106891440176,70.97921058952929,13.373455613324438,0.0012722402809473,0.3335551020408163,23,2024,52.0,34.0,1.53,2024,6,23,27.9,0.1,27.9,0.1,1.2722402809473
1718,2024-06-12,14.709334597294411,74.08951482954804,17.544127141212925,0.0001165375109621,0.4494913265306123,24,2024,331.0,34.0,9.74,2024,6,24,27.7,0.0,27.7,0.0,0.1165375109621
1719,2024-06-19,14.91476080098246,74.40025597416033,17.757757986159618,0.0010807436440732,0.2767260204081633,25,2024,253.0,33.0,7.67,2024,6,25,27.9,0.3,27.9,0.3,1.0807436440732001
1720,2024-06-26,13.248719206395362,75.75583219669251,15.749094263712609,0.0159198898758613,0.2228352040816326,26,2024,743.0,34.0,21.85,2024,6,26,27.9,0.4,27.9,0.4,15.9198898758613
1721,2024-07-03,7.828858754808187,58.55693727438594,11.723989105224632,0.0002125482595149,0.3402867346938775,27,2024,215.0,34.0,6.32,2024,7,27,27.8,0.3,27.8,0.3,0.2125482595149
1722,2024-07-10,8.463128030896037,64.22931141505723,11.05303100793543,0.0023004335202974,0.1243704081632653,28,2024,0.0,34.0,0.0,2024,7,28,27.6,0.3,27.6,0.3,2.3004335202974
1723,2024-07-17,5.390515390332149,55.04341913497375,7.262656057448623,9.82182364361555e-05,0.3272780612244897,29,2024,0.0,34.0,0.0,2024,7,29,27.5,0.2,27.5,0.2,0.0982182364361555
1724,2024-07-24,10.412399147704257,70.21238297957284,13.04912671718472,0.0049271012868586,0.1973459183673469,30,2024,0.0,34.0,0.0,2024,7,30,27.2,0.1,27.2,0.1,4.9271012868586
